,teamID,20-29,30-39,40-49,50+,<20,ACC,AGI,ARM,END,FG%,FGA,FGM,G,HND,INT,KAc,KDi,L,Lng,Name,OVR,PA,PBl,PF,Player,Pos,RBl,S,SPE,STR,T,TCK,Team,W,WPct,XP%,XPA,XPM
0,1,4/4,8/8,6/8,1/2,2/2,1.0,30.0,20.0,66.0,87.5,24.0,21.0,14.0,15.0,65.0,77.0,80.0,10,55.0,"Turkleton, T.",72.0,330,1.0,254,"Turkleton, T.",K,1.0,1,30.0,25.0,0,15.0,BAL,4,0.28600000000000003,96.2,26.0,25.0
1,2,7/7,9/10,9/13,2/3,1/1,1.0,32.0,20.0,67.0,82.4,34.0,28.0,14.0,15.0,70.0,74.0,78.0,6,55.0,"Booter, A.",72.0,225,1.0,256,"Booter, A.",K,1.0,1,34.0,27.0,0,17.0,YKW,8,0.5710000000000001,91.7,24.0,22.0
2,3,4/4,5/5,10/12,1/2,0/0,1.0,30.0,20.0,65.0,87.0,23.0,20.0,14.0,15.0,60.0,80.0,81.0,6,50.0,"Kicksit, B.",72.0,253,1.0,250,"Kicksit, B.",K,1.0,1,30.0,25.0,0,15.0,COL,8,0.5710000000000001,92.3,26.0,24.0
3,4,5/6,8/11,4/5,1/1,1/1,1.0,30.0,20.0,70.0,79.2,24.0,19.0,14.0,15.0,60.0,78.0,65.0,5,54.0,"Nugent, A.",67.0,204,1.0,277,"Nugent, A.",K,1.0,1,30.0,15.0,0,15.0,ARI,9,0.643,96.8,31.0,30.0
4,5,6/6,3/3,5/6,0/0,2/2,1.0,35.0,20.0,65.0,94.1,17.0,16.0,8.0,15.0,65.0,72.0,70.0,5,47.0,"Walsh, B.",68.0,196,1.0,249,"Walsh, B.",K,1.0,1,40.0,20.0,0,15.0,OCO,9,0.643,100.0,15.0,15.0
5,5,2/3,2/3,4/9,0/0,1/1,1.0,30.0,20.0,65.0,56.2,16.0,9.0,6.0,15.0,65.0,78.0,65.0,5,44.0,"Tarkenton, R.",67.0,196,1.0,249,"Tarkenton, R.",K,1.0,1,30.0,15.0,0,15.0,OCO,9,0.643,90.0,10.0,9.0
6,6,5/6,6/8,12/15,0/0,1/1,1.0,35.0,30.0,65.0,80.0,30.0,24.0,14.0,15.0,55.0,71.0,71.0,10,47.0,"Laces, K.",66.0,291,1.0,213,"Laces, K.",K,1.0,1,50.0,20.0,0,15.0,SJS,4,0.28600000000000003,95.0,20.0,19.0
7,1,4/4,8/8,6/8,1/2,2/2,1.0,30.0,20.0,66.0,87.5,24.0,21.0,14.0,15.0,65.0,77.0,80.0,10,55.0,"Turkleton, T.",72.0,330,1.0,254,"Turkleton, T.",K,1.0,1,30.0,25.0,0,15.0,BAL,4,0.28600000000000003,96.2,26.0,25.0
8,2,7/7,9/10,9/13,2/3,1/1,1.0,32.0,20.0,67.0,82.4,34.0,28.0,14.0,15.0,70.0,74.0,78.0,6,55.0,"Booter, A.",72.0,225,1.0,256,"Booter, A.",K,1.0,1,34.0,27.0,0,17.0,YKW,8,0.5710000000000001,91.7,24.0,22.0
9,3,4/4,5/5,10/12,1/2,0/0,1.0,30.0,20.0,65.0,87.0,23.0,20.0,14.0,15.0,60.0,80.0,81.0,6,50.0,"Kicksit, B.",72.0,253,1.0,250,"Kicksit, B.",K,1.0,1,30.0,25.0,0,15.0,COL,8,0.5710000000000001,92.3,26.0,24.0
10,4,5/6,8/11,4/5,1/1,1/1,1.0,30.0,20.0,70.0,79.2,24.0,19.0,14.0,15.0,60.0,78.0,65.0,5,54.0,"Nugent, A.",67.0,204,1.0,277,"Nugent, A.",K,1.0,1,30.0,15.0,0,15.0,ARI,9,0.643,96.8,31.0,30.0
11,5,6/6,3/3,5/6,0/0,2/2,1.0,35.0,20.0,65.0,94.1,17.0,16.0,8.0,15.0,65.0,72.0,70.0,5,47.0,"Walsh, B.",68.0,196,1.0,249,"Walsh, B.",K,1.0,1,40.0,20.0,0,15.0,OCO,9,0.643,100.0,15.0,15.0
12,5,2/3,2/3,4/9,0/0,1/1,1.0,30.0,20.0,65.0,56.2,16.0,9.0,6.0,15.0,65.0,78.0,65.0,5,44.0,"Tarkenton, R.",67.0,196,1.0,249,"Tarkenton, R.",K,1.0,1,30.0,15.0,0,15.0,OCO,9,0.643,90.0,10.0,9.0
13,6,5/6,6/8,12/15,0/0,1/1,1.0,35.0,30.0,65.0,80.0,30.0,24.0,14.0,15.0,55.0,71.0,71.0,10,47.0,"Laces, K.",66.0,291,1.0,213,"Laces, K.",K,1.0,1,50.0,20.0,0,15.0,SJS,4,0.28600000000000003,95.0,20.0,19.0
14,1,10/11,12/13,7/9,3/3,1/1,1.0,30.0,20.0,68.0,89.2,37.0,33.0,14.0,15.0,67.0,89.0,81.0,6,57.0,"Turkleton, T.",78.0,270,1.0,268,"Turkleton, T.",K,1.0,2,30.0,25.0,0,15.0,BAL,8,0.5710000000000001,95.8,24.0,23.0
15,2,9/9,4/4,11/12,1/2,3/3,1.0,32.0,20.0,71.0,93.3,30.0,28.0,14.0,15.0,72.0,80.0,82.0,6,57.0,"Booter, A.",77.0,295,1.0,300,"Booter, A.",K,1.0,2,35.0,27.0,0,17.0,YKW,8,0.5710000000000001,90.3,31.0,28.0
16,3,6/7,6/7,2/3,1/2,3/3,1.0,30.0,20.0,65.0,81.8,22.0,18.0,14.0,15.0,60.0,80.0,85.0,6,57.0,"Kicksit, B.",73.0,216,1.0,268,"Kicksit, B.",K,1.0,2,30.0,25.0,0,15.0,COL,8,0.5710000000000001,90.3,31.0,28.0
17,4,11/11,8/8,6/9,0/1,0/0,1.0,30.0,20.0,67.0,86.2,29.0,25.0,14.0,15.0,58.0,81.0,90.0,2,46.0,"Ronaldo, C.",76.0,175,1.0,369,"Ronaldo, C.",P,1.0,2,30.0,25.0,0,15.0,ARI,12,0.857,97.6,41.0,40.0
18,5,8/8,5/7,7/12,0/1,1/1,1.0,35.0,20.0,65.0,72.4,29.0,21.0,14.0,15.0,55.0,75.0,75.0,6,47.0,"Langdon, J.",68.0,219,1.0,271,"Langdon, J.",K,1.0,2,40.0,20.0,0,15.0,OCO,8,0.5710000000000001,100.0,19.0,19.0
19,5,0/0,1/2,1/1,0/0,0/0,1.0,35.0,20.0,73.0,66.7,3.0,2.0,3.0,15.0,55.0,65.0,70.0,6,43.0,"Sims, A.",64.0,219,1.0,271,"Sims, A.",K,1.0,2,40.0,45.0,0,15.0,OCO,8,0.5710000000000001,100.0,9.0,9.0
20,6,2/2,1/1,2/5,0/0,1/1,1.0,30.0,20.0,70.0,66.7,9.0,6.0,6.0,15.0,60.0,78.0,65.0,10,47.0,"Nugent, A.",67.0,374,1.0,233,"Nugent, A.",K,1.0,2,30.0,15.0,0,15.0,SJS,4,0.28600000000000003,85.7,7.0,6.0
21,7,6/6,6/9,3/5,4/5,1/1,1.0,35.0,20.0,70.0,76.9,26.0,20.0,14.0,15.0,72.0,85.0,85.0,9,57.0,"Harris, S.",81.0,281,1.0,245,"Harris, S.",K,1.0,2,50.0,25.0,0,25.0,PHI,5,0.35700000000000004,100.0,25.0,25.0
22,8,2/4,4/7,7/10,0/0,1/1,1.0,36.0,20.0,67.0,63.6,22.0,14.0,14.0,15.0,71.0,80.0,77.0,11,47.0,"Blewitt, I.",74.0,335,1.0,211,"Blewitt, I.",K,1.0,2,37.0,15.0,0,15.0,LV,3,0.214,91.3,23.0,21.0
23,1,5/5,11/13,6/8,2/3,0/0,1.0,30.0,20.0,70.0,82.8,29.0,24.0,14.0,15.0,74.0,90.0,90.0,5,57.0,"Turkleton, T.",83.0,270,1.0,317,"Turkleton, T.",K,1.0,3,30.0,25.0,0,15.0,BAL,9,0.643,93.9,33.0,31.0
24,2,5/6,4/6,4/7,0/0,2/2,1.0,32.0,20.0,71.0,71.4,21.0,15.0,14.0,15.0,73.0,82.0,82.0,7,44.0,"Booter, A.",78.0,275,1.0,332,"Booter, A.",K,1.0,3,35.0,27.0,0,17.0,YKW,7,0.5,88.6,35.0,31.0
25,2,0/0,1/1,0/0,0/0,0/0,1.0,30.0,20.0,65.0,100.0,1.0,1.0,4.0,15.0,70.0,76.0,76.0,7,32.0,"Lombardi, J.",71.0,275,1.0,332,"Lombardi, J.",K,1.0,3,30.0,25.0,0,15.0,YKW,7,0.5,75.0,4.0,3.0
26,3,3/4,4/5,8/9,0/1,0/0,1.0,30.0,20.0,65.0,78.9,19.0,15.0,14.0,15.0,60.0,80.0,85.0,11,48.0,"Kicksit, B.",73.0,372,1.0,182,"Kicksit, B.",K,1.0,3,30.0,25.0,0,15.0,COL,3,0.214,85.0,20.0,17.0
27,4,12/12,14/17,10/11,1/3,2/2,1.0,30.0,20.0,69.0,86.7,45.0,39.0,14.0,15.0,60.0,83.0,99.0,1,52.0,"Ronaldo, C.",81.0,166,1.0,427,"Ronaldo, C.",P,1.0,3,30.0,25.0,0,15.0,ARI,13,0.929,97.7,43.0,42.0
28,5,4/5,13/13,4/4,2/2,1/1,1.0,35.0,20.0,73.0,96.0,25.0,24.0,14.0,15.0,55.0,70.0,79.0,6,53.0,"Sims, A.",69.0,288,1.0,406,"Sims, A.",K,1.0,3,40.0,45.0,0,15.0,OCO,8,0.5710000000000001,95.8,48.0,46.0
29,6,7/7,5/8,8/11,3/3,2/2,1.0,36.0,20.0,70.0,80.6,31.0,25.0,14.0,15.0,75.0,84.0,86.0,8,54.0,"Blewitt, I.",80.0,338,1.0,292,"Blewitt, I.",K,1.0,3,37.0,15.0,1,15.0,SJS,5,0.39299999999999996,96.4,28.0,27.0
30,7,10/10,4/6,6/7,0/0,1/1,1.0,35.0,20.0,70.0,87.5,24.0,21.0,14.0,15.0,72.0,90.0,87.0,5,48.0,"Harris, S.",84.0,328,1.0,326,"Harris, S.",K,1.0,3,50.0,25.0,1,25.0,PHI,8,0.607,94.6,37.0,35.0
31,8,1/2,4/4,6/8,0/0,2/2,1.0,35.0,20.0,65.0,81.2,16.0,13.0,14.0,15.0,65.0,72.0,70.0,12,47.0,"Walsh, B.",67.0,444,1.0,199,"Walsh, B.",P,1.0,3,40.0,20.0,0,15.0,LV,2,0.14300000000000002,95.7,23.0,22.0
32,1,5/5,3/3,10/12,3/3,0/0,1.0,30.0,20.0,71.0,91.3,23.0,21.0,14.0,15.0,75.0,90.0,96.0,7,61.0,"Turkleton, T.",85.0,324,1.0,315,"Turkleton, T.",K,1.0,4,30.0,25.0,0,15.0,BAL,7,0.5,85.7,35.0,30.0
33,2,11/12,9/10,5/7,2/3,2/2,1.0,30.0,20.0,65.0,85.3,34.0,29.0,14.0,15.0,70.0,79.0,79.0,6,57.0,"Lombardi, J.",73.0,279,1.0,361,"Lombardi, J.",K,1.0,4,30.0,25.0,0,15.0,YKW,8,0.5710000000000001,94.7,38.0,36.0
34,3,6/6,5/5,3/6,2/3,0/0,1.0,30.0,20.0,65.0,80.0,20.0,16.0,14.0,15.0,60.0,80.0,85.0,13,56.0,"Kicksit, B.",73.0,482,1.0,175,"Kicksit, B.",K,1.0,4,30.0,25.0,0,15.0,COL,1,0.071,94.4,18.0,17.0
35,4,5/5,10/11,6/6,1/1,2/2,1.0,30.0,20.0,69.0,96.0,25.0,24.0,14.0,15.0,60.0,90.0,100.0,2,53.0,"Ronaldo, C.",83.0,203,1.0,435,"Ronaldo, C.",P,1.0,4,30.0,25.0,0,15.0,ARI,12,0.857,95.9,49.0,47.0
36,5,4/4,10/14,4/5,2/7,1/1,1.0,30.0,20.0,65.0,67.7,31.0,21.0,14.0,15.0,50.0,74.0,85.0,5,53.0,"Madlad, B.",68.0,238,1.0,421,"Madlad, B.",K,1.0,4,30.0,25.0,0,15.0,OCO,9,0.643,98.0,51.0,50.0
37,6,8/8,6/7,7/8,3/5,1/1,1.0,36.0,20.0,71.0,86.2,29.0,25.0,14.0,15.0,76.0,90.0,90.0,5,54.0,"Blewitt, I.",84.0,264,1.0,373,"Blewitt, I.",K,1.0,4,37.0,15.0,0,15.0,SJS,9,0.643,93.0,43.0,40.0
38,7,5/5,10/10,13/13,0/0,0/0,1.0,35.0,20.0,70.0,100.0,28.0,28.0,14.0,15.0,72.0,90.0,87.0,7,47.0,"Harris, S.",84.0,350,1.0,265,"Harris, S.",K,1.0,4,50.0,25.0,0,25.0,PHI,7,0.5,95.8,24.0,23.0
39,8,3/3,5/5,11/11,1/2,2/2,1.0,30.0,20.0,65.0,95.7,23.0,22.0,14.0,15.0,60.0,86.0,80.0,11,57.0,"Gooney, W.",74.0,439,1.0,234,"Gooney, W.",K,1.0,4,30.0,15.0,0,15.0,LV,3,0.214,95.7,23.0,22.0
40,1,10/10,9/10,3/4,0/1,1/1,1.0,55.0,20.0,80.0,88.5,26.0,23.0,14.0,15.0,80.0,90.0,100.0,6,44.0,"Turkleton, T.",93.0,340,1.0,405,"Turkleton, T.",K,1.0,5,55.0,50.0,0,19.0,BAL,8,0.5710000000000001,95.8,48.0,46.0
41,2,12/12,9/11,7/7,0/0,0/0,1.0,30.0,20.0,65.0,93.3,30.0,28.0,14.0,15.0,70.0,83.0,79.0,4,48.0,"Lombardi, J.",75.0,310,1.0,433,"Lombardi, J.",K,1.0,5,30.0,25.0,0,15.0,YKW,10,0.7140000000000001,95.7,47.0,45.0
42,3,5/5,6/7,7/9,2/2,1/1,1.0,30.0,20.0,65.0,87.5,24.0,21.0,14.0,15.0,50.0,80.0,83.0,12,57.0,"Leg, P.",70.0,407,1.0,180,"Leg, P.",K,1.0,5,30.0,30.0,0,15.0,COL,2,0.14300000000000002,88.2,17.0,15.0
44,5,5/5,6/7,6/8,1/1,4/4,1.0,30.0,20.0,65.0,88.0,25.0,22.0,14.0,15.0,50.0,81.0,86.0,3,56.0,"Madlad, B.",71.0,265,1.0,421,"Madlad, B.",K,1.0,5,30.0,25.0,0,15.0,OCO,11,0.7859999999999999,92.2,51.0,47.0
45,6,7/7,9/10,4/6,1/2,2/2,1.0,36.0,20.0,71.0,85.2,27.0,23.0,14.0,15.0,80.0,94.0,90.0,6,55.0,"Blewitt, I.",87.0,374,1.0,343,"Blewitt, I.",K,1.0,5,37.0,15.0,0,15.0,SJS,8,0.5710000000000001,91.9,37.0,34.0
46,7,8/8,5/5,8/9,1/1,3/3,1.0,35.0,20.0,70.0,96.2,26.0,25.0,14.0,15.0,72.0,90.0,87.0,6,56.0,"Harris, S.",84.0,339,1.0,405,"Harris, S.",K,1.0,5,50.0,25.0,0,25.0,PHI,8,0.5710000000000001,95.5,44.0,42.0
47,8,4/4,11/12,9/10,3/3,2/2,1.0,30.0,20.0,65.0,93.5,31.0,29.0,14.0,15.0,60.0,80.0,85.0,13,54.0,"Kicksit, B.",73.0,453,1.0,296,"Kicksit, B.",K,1.0,5,30.0,25.0,0,15.0,LV,1,0.071,86.2,29.0,25.0
48,1,3/3,8/9,5/6,2/5,2/2,1.0,55.0,20.0,86.0,80.0,25.0,20.0,14.0,15.0,90.0,100.0,90.0,7,56.0,"Turkleton, T.",97.0,351,1.0,397,"Turkleton, T.",K,1.0,6,55.0,40.0,0,15.0,BAL,7,0.5,91.5,47.0,43.0
49,2,4/4,8/9,6/8,0/0,1/1,1.0,35.0,20.0,65.0,86.4,22.0,19.0,14.0,15.0,55.0,87.0,86.0,6,47.0,"Forfeit, N.",76.0,339,1.0,385,"Forfeit, N.",K,1.0,6,40.0,20.0,1,15.0,YKW,7,0.536,97.9,47.0,46.0
50,3,2/2,3/4,5/7,3/5,1/1,1.0,35.0,20.0,67.0,73.7,19.0,14.0,14.0,15.0,72.0,85.0,85.0,14,56.0,"McCormick, M.",79.0,541,1.0,197,"McCormick, M.",K,1.0,6,40.0,20.0,0,15.0,COL,0,0.0,95.5,22.0,21.0
51,4,10/10,8/8,5/5,1/1,0/0,1.0,40.0,20.0,69.0,100.0,24.0,24.0,14.0,15.0,73.0,95.0,93.0,6,51.0,"Jackson, D.",87.0,374,1.0,336,"Jackson, D.",K,1.0,6,44.0,20.0,0,15.0,AZ,8,0.5710000000000001,94.4,36.0,34.0
52,5,6/6,11/11,10/11,0/0,1/1,1.0,30.0,20.0,65.0,96.6,29.0,28.0,14.0,15.0,50.0,85.0,87.0,3,49.0,"Madlad, B.",73.0,254,1.0,471,"Madlad, B.",K,1.0,6,30.0,25.0,0,15.0,OCO,11,0.7859999999999999,98.1,54.0,53.0
53,6,10/10,9/9,7/10,1/1,4/4,1.0,36.0,20.0,71.0,91.2,34.0,31.0,14.0,15.0,80.0,97.0,90.0,3,55.0,"Blewitt, I.",88.0,302,1.0,386,"Blewitt, I.",K,1.0,6,37.0,15.0,0,15.0,SJS,11,0.7859999999999999,90.2,41.0,37.0
54,7,8/8,12/14,10/10,2/2,4/4,1.0,35.0,20.0,70.0,94.7,38.0,36.0,14.0,15.0,72.0,90.0,87.0,5,56.0,"Harris, S.",84.0,313,1.0,440,"Harris, S.",K,1.0,6,50.0,25.0,0,25.0,PHI,9,0.643,93.6,47.0,44.0
55,8,5/5,4/5,3/5,1/1,0/0,1.0,30.0,20.0,65.0,81.2,16.0,13.0,13.0,15.0,50.0,82.0,85.0,11,54.0,"Leg, P.",71.0,377,1.0,239,"Leg, P.",K,1.0,6,30.0,30.0,1,15.0,NO,2,0.179,82.4,17.0,14.0
56,1,8/8,7/8,7/9,1/1,0/0,1.0,55.0,20.0,97.0,88.5,26.0,23.0,14.0,15.0,90.0,100.0,90.0,7,52.0,"Turkleton, T.",99.0,333,1.0,405,"Turkleton, T.",K,1.0,7,55.0,40.0,0,15.0,BAL,7,0.5,100.0,46.0,46.0
57,2,8/8,10/12,7/9,2/2,2/2,1.0,35.0,20.0,65.0,87.9,33.0,29.0,14.0,15.0,55.0,90.0,89.0,1,55.0,"Forfeit, N.",78.0,272,1.0,468,"Forfeit, N.",K,1.0,7,40.0,20.0,0,15.0,YKW,13,0.929,94.4,54.0,51.0
58,3,5/5,4/4,12/12,0/0,0/0,1.0,35.0,20.0,67.0,100.0,21.0,21.0,14.0,15.0,74.0,91.0,91.0,14,47.0,"McCormick, M.",84.0,501,1.0,137,"McCormick, M.",K,1.0,7,40.0,20.0,0,15.0,COL,0,0.0,100.0,10.0,10.0
59,4,8/8,9/9,2/4,0/0,2/2,1.0,42.0,20.0,71.0,91.3,23.0,21.0,14.0,15.0,85.0,93.0,95.0,9,40.0,"Jackson, D.",91.0,433,1.0,357,"Jackson, D.",K,1.0,7,50.0,40.0,0,15.0,AZ,5,0.35700000000000004,95.2,42.0,40.0
60,5,6/6,12/13,6/8,0/0,0/0,1.0,30.0,20.0,65.0,88.9,27.0,24.0,14.0,15.0,50.0,85.0,87.0,2,49.0,"Madlad, B.",73.0,274,1.0,461,"Madlad, B.",K,1.0,7,30.0,25.0,0,15.0,OCO,12,0.857,89.1,55.0,49.0
61,6,13/13,7/7,5/5,5/5,0/0,1.0,36.0,20.0,71.0,100.0,30.0,30.0,14.0,15.0,80.0,99.0,90.0,9,55.0,"Blewitt, I.",89.0,380,1.0,304,"Blewitt, I.",K,1.0,7,37.0,15.0,0,15.0,SJS,5,0.35700000000000004,93.3,30.0,28.0
62,7,10/10,14/14,12/12,2/2,4/4,1.0,35.0,20.0,70.0,100.0,42.0,42.0,14.0,15.0,72.0,90.0,87.0,4,56.0,"Harris, S.",84.0,303,1.0,426,"Harris, S.",K,1.0,7,50.0,25.0,0,25.0,PHI,10,0.7140000000000001,95.2,42.0,40.0
63,8,8/8,13/15,7/7,0/1,1/1,1.0,30.0,20.0,65.0,90.6,32.0,29.0,14.0,15.0,50.0,82.0,85.0,10,47.0,"Leg, P.",71.0,366,1.0,304,"Leg, P.",K,1.0,7,30.0,30.0,0,15.0,NO,4,0.28600000000000003,93.1,29.0,27.0
64,1,6/6,7/7,2/4,1/1,0/0,1.0,55.0,20.0,82.0,88.9,18.0,16.0,14.0,15.0,90.0,100.0,90.0,7,53.0,"Turkleton, T.",97.0,329,1.0,403,"Turkleton, T.",K,1.0,8,55.0,40.0,0,15.0,BAL,7,0.5,94.0,50.0,47.0
65,2,10/10,6/6,6/6,1/3,0/0,1.0,35.0,20.0,65.0,92.0,25.0,23.0,14.0,15.0,55.0,90.0,89.0,3,56.0,"Forfeit, N.",78.0,286,1.0,446,"Forfeit, N.",K,1.0,8,40.0,20.0,0,15.0,YKW,11,0.7859999999999999,96.2,53.0,51.0
66,3,8/8,8/8,9/10,3/4,0/0,1.0,35.0,20.0,67.0,93.3,30.0,28.0,14.0,15.0,81.0,95.0,95.0,8,54.0,"McCormick, M.",89.0,338,1.0,240,"McCormick, M.",K,1.0,8,40.0,20.0,0,15.0,COL,6,0.429,100.0,22.0,22.0
67,4,11/11,5/5,9/13,2/4,0/0,25.0,50.0,20.0,87.0,81.8,33.0,27.0,14.0,15.0,85.0,93.0,95.0,9,55.0,"Jackson, D.",94.0,379,1.0,338,"Jackson, D.",K,1.0,8,50.0,45.0,0,18.0,AZ,5,0.35700000000000004,94.6,37.0,35.0
68,5,11/11,8/8,5/5,1/1,1/1,1.0,30.0,20.0,65.0,100.0,26.0,26.0,14.0,15.0,50.0,85.0,87.0,4,56.0,"Madlad, B.",73.0,289,1.0,432,"Madlad, B.",K,1.0,8,30.0,25.0,0,15.0,OCO,10,0.7140000000000001,98.0,49.0,48.0
69,6,3/3,9/9,9/11,1/2,0/0,1.0,36.0,20.0,71.0,88.0,25.0,22.0,14.0,15.0,80.0,100.0,90.0,13,55.0,"Blewitt, I.",89.0,553,1.0,191,"Blewitt, I.",K,1.0,8,37.0,15.0,0,15.0,SJS,1,0.071,100.0,17.0,17.0
70,7,3/3,6/7,3/6,1/1,2/2,1.0,35.0,20.0,65.0,78.9,19.0,15.0,14.0,15.0,65.0,89.0,87.0,7,50.0,"Harris, S.",80.0,373,1.0,387,"Harris, S.",K,1.0,8,40.0,20.0,0,16.0,PHI,7,0.5,95.8,48.0,46.0
71,8,6/6,8/9,7/9,1/1,1/1,1.0,30.0,20.0,65.0,88.5,26.0,23.0,14.0,15.0,50.0,82.0,85.0,5,53.0,"Leg, P.",71.0,303,1.0,413,"Leg, P.",K,1.0,8,30.0,30.0,0,15.0,NO,9,0.643,88.0,50.0,44.0
72,1,4/4,8/8,6/6,1/2,2/2,1.0,30.0,20.0,79.0,95.5,22.0,21.0,14.0,15.0,90.0,100.0,90.0,3,55.0,"Turkleton, T.",92.0,240,1.0,473,"Turkleton, T.",K,1.0,9,30.0,15.0,0,15.0,BAL,11,0.7859999999999999,94.9,59.0,56.0
73,2,5/5,6/6,6/7,0/2,2/2,1.0,35.0,20.0,65.0,86.4,22.0,19.0,14.0,15.0,55.0,90.0,89.0,7,49.0,"Forfeit, N.",78.0,316,1.0,380,"Forfeit, N.",K,1.0,9,40.0,20.0,0,15.0,YKW,7,0.5,100.0,45.0,45.0
74,3,4/4,7/7,4/4,1/1,2/2,1.0,35.0,20.0,85.0,100.0,18.0,18.0,14.0,15.0,85.0,95.0,95.0,6,50.0,"McCormick, M.",92.0,347,1.0,333,"McCormick, M.",K,1.0,9,40.0,20.0,0,15.0,COL,8,0.5710000000000001,94.9,39.0,37.0
75,4,9/9,9/9,7/7,0/0,2/2,25.0,50.0,20.0,95.0,100.0,27.0,27.0,14.0,15.0,85.0,93.0,95.0,11,47.0,"Jackson, D.",95.0,433,1.0,219,"Jackson, D.",K,1.0,9,50.0,45.0,0,18.0,AZ,3,0.214,94.7,19.0,18.0
76,5,9/9,8/10,7/9,2/3,2/2,1.0,30.0,20.0,65.0,84.8,33.0,28.0,14.0,15.0,50.0,82.0,85.0,5,57.0,"Madlad, B.",71.0,293,1.0,445,"Madlad, B.",K,1.0,9,30.0,25.0,0,15.0,OCO,9,0.643,94.2,52.0,49.0
77,6,5/5,3/5,4/6,1/1,1/1,1.0,30.0,20.0,65.0,77.8,18.0,14.0,14.0,15.0,63.0,80.0,74.0,12,55.0,"Corbett, K.",70.0,475,1.0,184,"Corbett, K.",K,1.0,9,31.0,15.0,0,15.0,SJS,2,0.14300000000000002,100.0,20.0,20.0
78,7,2/2,17/17,8/9,0/1,0/0,1.0,30.0,20.0,65.0,93.1,29.0,27.0,14.0,15.0,60.0,85.0,80.0,10,48.0,"(R) Meoff, B.",73.0,481,1.0,218,"(R) Meoff, B.",K,1.0,9,30.0,15.0,0,15.0,PHI,4,0.28600000000000003,94.4,18.0,17.0
79,8,7/7,9/9,12/12,3/3,1/1,1.0,36.0,20.0,71.0,100.0,32.0,32.0,14.0,15.0,80.0,100.0,90.0,2,57.0,"Blewitt, I.",89.0,197,1.0,530,"Blewitt, I.",K,1.0,9,37.0,15.0,0,15.0,NO,12,0.857,100.0,62.0,62.0
80,1,8/8,13/13,7/7,1/1,1/1,1.0,30.0,20.0,70.0,100.0,30.0,30.0,14.0,15.0,87.0,100.0,90.0,1,57.0,"Turkleton, T.",90.0,273,1.0,486,"Turkleton, T.",K,1.0,10,30.0,15.0,0,15.0,BAL,13,0.929,94.7,57.0,54.0
81,2,11/11,6/7,5/8,0/0,3/3,1.0,35.0,20.0,65.0,86.2,29.0,25.0,14.0,15.0,55.0,90.0,89.0,6,46.0,"Forfeit, N.",78.0,319,1.0,373,"Forfeit, N.",K,1.0,10,40.0,20.0,0,15.0,YKW,8,0.5710000000000001,93.0,43.0,40.0
82,3,5/5,9/9,8/9,0/0,3/3,1.0,52.0,20.0,93.0,96.2,26.0,25.0,14.0,15.0,85.0,95.0,95.0,5,47.0,"McCormick, M.",97.0,286,1.0,403,"McCormick, M.",K,1.0,10,60.0,45.0,0,15.0,COL,9,0.643,93.6,47.0,44.0
83,4,7/7,11/11,7/9,0/0,0/0,25.0,58.0,45.0,99.0,92.6,27.0,25.0,14.0,40.0,85.0,95.0,95.0,10,48.0,"Jackson, D.",99.0,349,1.0,293,"Jackson, D.",K,1.0,10,63.0,45.0,0,32.0,AZ,4,0.28600000000000003,96.8,31.0,30.0
84,5,7/7,10/11,4/8,1/3,0/0,1.0,30.0,20.0,65.0,75.9,29.0,22.0,14.0,15.0,50.0,81.0,82.0,7,55.0,"Madlad, B.",70.0,299,1.0,247,"Madlad, B.",K,1.0,10,30.0,25.0,0,15.0,OCO,7,0.5,96.2,26.0,25.0
85,6,5/6,6/6,6/7,1/2,2/2,1.0,30.0,20.0,65.0,87.0,23.0,20.0,14.0,15.0,63.0,80.0,74.0,10,55.0,"Corbett, K.",70.0,447,1.0,258,"Corbett, K.",K,1.0,10,31.0,15.0,0,15.0,SJS,4,0.28600000000000003,92.9,28.0,26.0
86,7,9/9,6/7,4/8,1/1,1/1,1.0,30.0,20.0,65.0,80.8,26.0,21.0,14.0,15.0,60.0,85.0,80.0,14,50.0,"Meoff, B.",73.0,475,1.0,162,"Meoff, B.",K,1.0,10,30.0,15.0,0,15.0,PHI,0,0.0,92.9,14.0,13.0
87,8,6/6,13/13,8/9,0/0,2/2,1.0,30.0,20.0,65.0,96.7,30.0,29.0,14.0,15.0,50.0,82.0,85.0,3,47.0,"Leg, P.",71.0,279,1.0,505,"Leg, P.",K,1.0,10,30.0,30.0,0,15.0,NO,11,0.7859999999999999,96.7,60.0,58.0
88,1,5/5,11/11,9/10,0/2,1/1,1.0,30.0,20.0,65.0,89.7,29.0,26.0,14.0,15.0,70.0,93.0,90.0,5,49.0,"Turkleton, T.",82.0,336,1.0,413,"Turkleton, T.",K,1.0,11,30.0,15.0,0,15.0,BAL,9,0.643,97.9,48.0,47.0
89,2,7/7,9/9,9/11,1/2,2/2,1.0,35.0,20.0,65.0,90.3,31.0,28.0,14.0,15.0,55.0,90.0,89.0,10,53.0,"Forfeit, N.",78.0,413,1.0,336,"Forfeit, N.",K,1.0,11,40.0,20.0,0,15.0,YKW,4,0.28600000000000003,97.1,35.0,34.0
90,3,9/9,6/6,8/11,0/0,2/2,1.0,30.0,20.0,65.0,89.3,28.0,25.0,14.0,15.0,50.0,82.0,85.0,6,46.0,"Leg, P.",71.0,417,1.0,422,"Leg, P.",K,1.0,11,30.0,30.0,0,15.0,COL,8,0.5710000000000001,91.8,49.0,45.0
91,4,7/7,5/5,10/12,0/1,1/1,25.0,58.0,45.0,100.0,88.5,26.0,23.0,14.0,40.0,85.0,95.0,95.0,8,47.0,"Jackson, D.",99.0,381,25.0,376,"Jackson, D.",K,25.0,11,63.0,45.0,0,32.0,AZ,6,0.429,97.7,44.0,43.0
92,5,9/10,9/10,5/6,1/3,1/1,1.0,30.0,20.0,65.0,83.3,30.0,25.0,14.0,15.0,60.0,80.0,80.0,4,50.0,"(R) Anderson, A.",71.0,331,1.0,394,"(R) Anderson, A.",K,1.0,11,30.0,15.0,0,15.0,OCO,10,0.7140000000000001,95.3,43.0,41.0
93,6,2/2,6/6,5/8,0/1,0/0,1.0,30.0,20.0,65.0,76.5,17.0,13.0,14.0,15.0,63.0,80.0,74.0,13,47.0,"Corbett, K.",70.0,411,1.0,228,"Corbett, K.",K,1.0,11,31.0,15.0,0,15.0,SJS,1,0.071,96.2,26.0,25.0
94,7,6/6,6/7,1/5,0/1,1/1,1.0,30.0,20.0,65.0,70.0,20.0,14.0,14.0,15.0,70.0,90.0,83.0,7,46.0,"(R) Fulture, K.",79.0,313,1.0,309,"(R) Fulture, K.",K,1.0,11,30.0,15.0,0,15.0,PHI,7,0.5,97.4,38.0,37.0
95,8,6/6,8/8,8/9,2/2,3/3,1.0,30.0,20.0,65.0,96.4,28.0,27.0,14.0,15.0,60.0,85.0,80.0,3,53.0,"Meoff, B.",73.0,340,1.0,464,"Meoff, B.",K,1.0,11,30.0,15.0,0,15.0,NO,11,0.7859999999999999,87.8,49.0,43.0
96,1,8/8,7/8,8/11,0/1,1/1,1.0,30.0,20.0,70.0,82.8,29.0,24.0,14.0,15.0,60.0,86.0,86.0,6,49.0,"Turkleton, T.",76.0,297,1.0,454,"Turkleton, T.",K,1.0,12,30.0,15.0,0,15.0,BAL,8,0.5710000000000001,88.9,54.0,48.0
97,2,5/5,10/11,4/4,2/3,0/0,1.0,35.0,20.0,65.0,91.3,23.0,21.0,14.0,15.0,55.0,90.0,89.0,11,54.0,"Forfeit, N.",78.0,429,1.0,287,"Forfeit, N.",K,1.0,12,40.0,20.0,0,15.0,YKW,3,0.214,96.8,31.0,30.0
98,3,3/3,7/8,8/9,1/2,3/3,1.0,30.0,20.0,65.0,88.0,25.0,22.0,14.0,15.0,50.0,80.0,84.0,8,57.0,"Leg, P.",70.0,495,1.0,356,"Leg, P.",K,1.0,12,30.0,25.0,0,15.0,COL,6,0.429,100.0,38.0,38.0
99,4,3/3,7/9,10/10,1/2,2/2,25.0,58.0,45.0,94.0,88.5,26.0,23.0,14.0,40.0,85.0,95.0,95.0,7,55.0,"Jackson, D.",98.0,349,25.0,326,"Jackson, D.",K,25.0,12,63.0,45.0,0,32.0,AZ,7,0.5,97.2,36.0,35.0
100,5,8/10,5/5,6/8,2/4,2/2,1.0,30.0,20.0,65.0,79.3,29.0,23.0,14.0,15.0,60.0,80.0,80.0,3,56.0,"Anderson, A.",71.0,267,1.0,383,"Anderson, A.",K,1.0,12,30.0,15.0,0,15.0,OCO,11,0.7859999999999999,97.8,45.0,44.0
101,6,5/5,7/8,10/10,1/1,0/0,1.0,30.0,20.0,65.0,95.8,24.0,23.0,14.0,15.0,50.0,80.0,89.0,4,52.0,"(R) Donaldson, N.",72.0,250,1.0,355,"(R) Donaldson, N.",K,1.0,12,30.0,25.0,0,15.0,SJS,10,0.7140000000000001,95.0,40.0,38.0
102,7,7/7,6/6,5/6,0/0,1/1,1.0,30.0,20.0,65.0,95.0,20.0,19.0,14.0,15.0,70.0,97.0,90.0,7,47.0,"Fulture, K.",84.0,382,1.0,361,"Fulture, K.",K,1.0,12,30.0,15.0,0,15.0,PHI,7,0.5,95.2,42.0,40.0
103,8,5/5,7/8,6/9,1/1,2/2,1.0,30.0,20.0,65.0,84.0,25.0,21.0,14.0,15.0,60.0,85.0,80.0,10,52.0,"Meoff, B.",73.0,399,1.0,346,"Meoff, B.",K,1.0,12,30.0,15.0,0,15.0,NO,4,0.28600000000000003,94.9,39.0,37.0
104,1,7/7,8/11,4/8,1/2,1/1,15.0,35.0,20.0,1.0,72.4,29.0,21.0,14.0,1.0,1.0,80.0,80.0,10,54.0,"Frost, A.",50.0,363,15.0,323,"Frost, A.",K,40.0,13,55.0,20.0,0,65.0,BAL,4,0.28600000000000003,94.4,36.0,34.0
105,2,4/4,13/13,9/11,0/2,0/0,1.0,35.0,20.0,65.0,86.7,30.0,26.0,14.0,18.0,56.0,87.0,86.0,10,49.0,"Forfeit, N.",76.0,457,1.0,342,"Forfeit, N.",K,1.0,13,40.0,20.0,0,15.0,YKW,4,0.28600000000000003,89.5,38.0,34.0
106,3,6/8,4/6,5/7,0/1,1/1,1.0,30.0,20.0,65.0,69.6,23.0,16.0,14.0,15.0,63.0,80.0,74.0,6,45.0,"Corbett, K.",70.0,349,1.0,417,"Corbett, K.",K,1.0,13,31.0,15.0,0,15.0,COL,8,0.5710000000000001,94.2,52.0,49.0
107,4,3/3,5/5,8/8,1/3,0/0,25.0,49.0,20.0,92.0,89.5,19.0,17.0,14.0,15.0,85.0,95.0,95.0,9,56.0,"Jackson, D.",96.0,410,1.0,338,"Jackson, D.",K,1.0,13,60.0,20.0,0,15.0,AZ,5,0.35700000000000004,94.9,39.0,37.0
108,5,3/3,9/11,4/7,1/1,0/0,1.0,30.0,20.0,65.0,77.3,22.0,17.0,14.0,15.0,60.0,80.0,81.0,5,50.0,"Anderson, A.",72.0,329,1.0,363,"Anderson, A.",K,1.0,13,30.0,15.0,0,15.0,OCO,9,0.643,93.3,45.0,42.0
109,6,10/10,10/10,5/7,1/2,0/0,1.0,30.0,20.0,65.0,89.7,29.0,26.0,14.0,15.0,50.0,80.0,92.0,2,53.0,"Donaldson, N.",73.0,276,1.0,419,"Donaldson, N.",K,1.0,13,30.0,25.0,0,15.0,SJS,12,0.857,95.9,49.0,47.0
110,7,4/4,11/12,5/5,6/6,2/2,1.0,30.0,20.0,80.0,96.6,29.0,28.0,14.0,16.0,71.0,100.0,90.0,6,53.0,"Fulture, K.",87.0,377,1.0,413,"Fulture, K.",K,1.0,13,30.0,15.0,0,15.0,PHI,8,0.5710000000000001,100.0,47.0,47.0
111,8,4/4,12/12,8/14,0/1,2/2,1.0,30.0,20.0,65.0,78.8,33.0,26.0,14.0,15.0,60.0,84.0,80.0,8,47.0,"Meoff, B.",73.0,397,1.0,343,"Meoff, B.",K,1.0,13,30.0,15.0,0,15.0,NO,6,0.429,94.6,37.0,35.0
112,1,4/4,8/9,4/9,0/2,3/3,15.0,35.0,20.0,1.0,70.4,27.0,19.0,14.0,1.0,1.0,80.0,80.0,3,49.0,"Frost, A.",50.0,310,15.0,448,"Frost, A.",K,40.0,14,55.0,20.0,0,65.0,BAL,11,0.7859999999999999,94.4,54.0,51.0
113,2,8/8,9/10,2/3,2/3,1/1,1.0,35.0,20.0,65.0,88.0,25.0,22.0,14.0,18.0,56.0,84.0,83.0,8,51.0,"Forfeit, N.",74.0,326,1.0,310,"Forfeit, N.",K,1.0,14,40.0,20.0,0,15.0,YKW,6,0.429,97.1,35.0,34.0
114,3,9/10,12/13,5/8,0/2,1/1,1.0,30.0,20.0,65.0,79.4,34.0,27.0,14.0,15.0,63.0,80.0,74.0,10,45.0,"Corbett, K.",70.0,442,1.0,368,"Corbett, K.",K,1.0,14,31.0,15.0,0,15.0,COL,4,0.28600000000000003,94.6,37.0,35.0
115,4,3/3,6/6,4/4,1/1,2/2,1.0,35.0,20.0,84.0,100.0,16.0,16.0,14.0,15.0,85.0,95.0,95.0,12,56.0,"Jackson, D.",92.0,523,1.0,224,"Jackson, D.",K,1.0,14,43.0,20.0,0,15.0,AZ,2,0.14300000000000002,100.0,24.0,24.0
116,5,2/4,5/6,7/9,0/0,1/1,1.0,30.0,20.0,65.0,75.0,20.0,15.0,14.0,15.0,60.0,80.0,81.0,3,45.0,"Anderson, A.",72.0,281,1.0,441,"Anderson, A.",K,1.0,14,30.0,15.0,0,15.0,OCO,11,0.7859999999999999,91.2,57.0,52.0
117,6,10/10,9/9,7/7,1/1,1/1,1.0,30.0,20.0,65.0,100.0,28.0,28.0,14.0,15.0,50.0,80.0,92.0,5,55.0,"Donaldson, N.",73.0,233,1.0,392,"Donaldson, N.",K,1.0,14,30.0,25.0,0,15.0,SJS,9,0.643,84.4,45.0,38.0
118,7,9/9,6/6,8/8,1/1,0/0,1.0,30.0,20.0,80.0,100.0,24.0,24.0,14.0,16.0,80.0,100.0,90.0,5,57.0,"Fulture, K.",89.0,331,1.0,337,"Fulture, K.",K,1.0,14,30.0,15.0,0,15.0,PHI,9,0.643,97.4,38.0,37.0
119,8,6/6,6/7,3/9,2/4,0/0,1.0,30.0,20.0,65.0,65.4,26.0,17.0,14.0,15.0,60.0,84.0,80.0,10,57.0,"Meoff, B.",73.0,405,1.0,331,"Meoff, B.",K,1.0,14,30.0,15.0,0,15.0,NO,4,0.28600000000000003,100.0,40.0,40.0
120,1,4/4,9/10,6/7,2/2,2/2,15.0,35.0,20.0,1.0,92.0,25.0,23.0,14.0,1.0,1.0,80.0,80.0,2,57.0,"Frost, A.",50.0,297,15.0,520,"Frost, A.",K,40.0,15,55.0,20.0,0,65.0,BAL,12,0.857,96.8,63.0,61.0
121,2,8/8,5/5,8/11,1/2,0/0,1.0,35.0,20.0,65.0,84.6,26.0,22.0,14.0,15.0,55.0,81.0,81.0,7,53.0,"Harris Jr, S.",72.0,305,1.0,358,"Harris Jr, S.",K,1.0,15,40.0,20.0,0,15.0,YKW,7,0.5,90.0,40.0,36.0
122,3,6/6,8/9,2/2,0/0,1/1,1.0,30.0,20.0,65.0,94.4,18.0,17.0,14.0,15.0,53.0,78.0,80.0,12,44.0,"Ramero, E.",69.0,474,1.0,258,"Ramero, E.",K,1.0,15,30.0,25.0,0,15.0,COL,2,0.14300000000000002,90.0,30.0,27.0
123,4,5/5,7/7,10/13,1/2,1/1,1.0,35.0,20.0,70.0,85.7,28.0,24.0,14.0,15.0,72.0,95.0,95.0,8,50.0,"Jackson, D.",87.0,373,1.0,351,"Jackson, D.",K,1.0,15,40.0,20.0,0,15.0,AZ,6,0.429,100.0,39.0,39.0
124,5,8/8,11/12,6/9,1/1,1/1,1.0,30.0,20.0,65.0,87.1,31.0,27.0,14.0,15.0,60.0,89.0,85.0,6,53.0,"Dasistwirklichseinnachname, A.",76.0,299,1.0,351,"Dasistwirklichseinnachname, A.",K,1.0,15,30.0,15.0,0,15.0,OCO,8,0.5710000000000001,94.4,36.0,34.0
125,6,7/7,8/10,7/9,1/2,0/0,1.0,30.0,20.0,65.0,82.1,28.0,23.0,14.0,15.0,50.0,80.0,92.0,3,56.0,"Donaldson, N.",73.0,265,1.0,326,"Donaldson, N.",K,1.0,15,30.0,25.0,0,15.0,SJS,11,0.7859999999999999,94.6,37.0,35.0
126,7,9/9,6/6,7/8,1/1,2/2,1.0,30.0,20.0,80.0,96.2,26.0,25.0,14.0,15.0,80.0,100.0,90.0,6,52.0,"Fulture, K.",89.0,309,1.0,340,"Fulture, K.",K,1.0,15,30.0,15.0,0,15.0,PHI,8,0.5710000000000001,94.6,37.0,35.0
127,8,3/3,8/10,7/7,0/1,0/0,1.0,30.0,20.0,65.0,85.7,21.0,18.0,14.0,15.0,50.0,84.0,85.0,12,49.0,"Crisco, A.",72.0,465,1.0,283,"Crisco, A.",K,1.0,15,30.0,25.0,0,15.0,NO,2,0.14300000000000002,100.0,29.0,29.0
128,8,0/0,0/0,0/0,0/0,0/0,1.0,30.0,20.0,65.0,0.0,0.0,0.0,1.0,15.0,60.0,84.0,80.0,12,0.0,"Meoff, B.",72.0,465,1.0,283,"Meoff, B.",P,1.0,15,30.0,15.0,0,15.0,NO,2,0.14300000000000002,50.0,4.0,2.0
129,1,4/5,6/8,9/10,1/2,0/0,1.0,35.0,20.0,65.0,80.0,25.0,20.0,13.0,15.0,55.0,86.0,81.0,6,52.0,"Brand (R), F.",74.0,268,1.0,324,"Brand (R), F.",K,1.0,16,40.0,20.0,0,15.0,BAL,7,0.5379999999999999,91.9,37.0,34.0
130,2,9/10,11/11,7/8,0/2,1/1,1.0,35.0,20.0,65.0,87.5,32.0,28.0,13.0,15.0,55.0,81.0,81.0,3,43.0,"Harris Jr, S.",72.0,312,1.0,418,"Harris Jr, S.",K,1.0,16,40.0,20.0,0,15.0,YKW,10,0.769,91.3,46.0,42.0
131,3,1/1,7/9,6/10,0/0,0/0,1.0,30.0,20.0,65.0,70.0,20.0,14.0,13.0,15.0,60.0,80.0,81.0,12,49.0,"Anderson, A.",72.0,424,1.0,208,"Anderson, A.",P,1.0,16,30.0,15.0,0,15.0,COL,1,0.077,91.7,24.0,22.0
132,4,4/4,12/14,5/7,0/1,1/1,1.0,30.0,20.0,65.0,81.5,27.0,22.0,13.0,15.0,55.0,78.0,78.0,6,47.0,"Lawes, S.",69.0,273,1.0,297,"Lawes, S.",K,1.0,16,30.0,25.0,0,15.0,AZ,7,0.5379999999999999,100.0,33.0,33.0
133,5,10/10,5/5,10/11,0/0,0/0,1.0,30.0,20.0,65.0,96.2,26.0,25.0,13.0,15.0,60.0,89.0,90.0,3,47.0,"Dasistwirklichseinnachname, A.",78.0,244,1.0,417,"Dasistwirklichseinnachname, A.",K,1.0,16,30.0,15.0,0,15.0,OCO,10,0.769,93.9,49.0,46.0
134,6,6/6,6/6,9/9,0/0,2/2,1.0,30.0,20.0,65.0,100.0,23.0,23.0,13.0,15.0,50.0,80.0,92.0,6,49.0,"Donaldson, N.",73.0,311,1.0,337,"Donaldson, N.",K,1.0,16,30.0,25.0,0,15.0,SJS,7,0.5379999999999999,87.2,39.0,34.0
135,7,5/7,1/3,3/6,1/2,2/2,15.0,35.0,20.0,1.0,60.0,20.0,12.0,13.0,1.0,1.0,70.0,80.0,6,51.0,"Frost, K.",46.0,306,15.0,397,"Frost, K.",K,40.0,16,55.0,20.0,0,65.0,PHI,7,0.5379999999999999,94.2,52.0,49.0
136,8,7/10,8/9,4/5,0/0,1/1,15.0,35.0,20.0,1.0,80.0,25.0,20.0,13.0,1.0,1.0,80.0,80.0,7,44.0,"Frost, A.",50.0,381,15.0,309,"Frost, A.",K,40.0,16,55.0,20.0,0,65.0,NO,6,0.462,94.3,35.0,33.0
137,9,8/8,18/18,8/8,1/3,0/0,1.0,30.0,20.0,80.0,94.6,37.0,35.0,13.0,15.0,80.0,100.0,90.0,3,54.0,"Fulture, K.",89.0,257,1.0,307,"Fulture, K.",K,1.0,16,30.0,15.0,0,15.0,CHI,10,0.769,92.9,28.0,26.0
138,10,7/7,3/4,2/2,0/1,1/1,1.0,30.0,20.0,65.0,86.7,15.0,13.0,13.0,15.0,50.0,87.0,87.0,13,47.0,"Crisco, A.",74.0,424,1.0,186,"Crisco, A.",K,1.0,16,30.0,25.0,0,15.0,AUS,0,0.0,95.0,20.0,19.0
139,1,4/4,10/10,5/6,2/3,3/3,1.0,35.0,20.0,65.0,92.3,26.0,24.0,13.0,15.0,55.0,90.0,84.0,5,50.0,"Brand, F.",77.0,305,1.0,343,"Brand, F.",K,1.0,17,40.0,20.0,0,15.0,BAL,8,0.615,94.9,39.0,37.0
140,2,5/5,7/8,4/5,1/1,0/0,1.0,35.0,20.0,65.0,89.5,19.0,17.0,13.0,15.0,60.0,79.0,75.0,5,52.0,"Bobby (R), K.",71.0,267,1.0,361,"Bobby (R), K.",K,1.0,17,40.0,20.0,0,15.0,YKW,8,0.615,95.5,44.0,42.0
141,3,6/6,6/8,5/7,0/1,2/2,1.0,30.0,20.0,71.0,79.2,24.0,19.0,13.0,15.0,50.0,73.0,78.0,8,48.0,"Jones II (R), J.",67.0,364,1.0,230,"Jones II (R), J.",K,1.0,17,34.0,25.0,0,15.0,COL,5,0.385,95.8,24.0,23.0
142,4,5/6,13/13,6/9,2/2,1/1,1.0,30.0,20.0,65.0,87.1,31.0,27.0,13.0,15.0,55.0,78.0,78.0,4,53.0,"Lawes, S.",69.0,268,1.0,394,"Lawes, S.",K,1.0,17,30.0,25.0,0,15.0,AZ,9,0.6920000000000001,100.0,43.0,43.0
143,5,4/4,11/11,5/7,2/2,0/0,1.0,30.0,20.0,65.0,91.7,24.0,22.0,13.0,15.0,60.0,92.0,90.0,6,52.0,"Dasistwirklichseinnachname, A.",79.0,275,1.0,361,"Dasistwirklichseinnachname, A.",K,1.0,17,30.0,15.0,0,15.0,OCO,7,0.5379999999999999,95.1,41.0,39.0
144,6,8/8,6/6,6/8,1/1,3/3,1.0,30.0,20.0,65.0,92.3,26.0,24.0,13.0,15.0,50.0,80.0,92.0,7,52.0,"Donaldson, N.",73.0,332,1.0,280,"Donaldson, N.",K,1.0,17,30.0,25.0,0,15.0,SJS,6,0.462,96.6,29.0,28.0
145,7,7/7,5/7,6/8,0/0,0/0,1.0,30.0,20.0,65.0,81.8,22.0,18.0,13.0,15.0,60.0,76.0,79.0,8,46.0,"Castleberry, R.",69.0,388,1.0,298,"Castleberry, R.",K,1.0,17,30.0,15.0,0,15.0,PHI,5,0.385,97.1,35.0,34.0
146,8,4/4,12/14,7/8,0/0,0/0,1.0,35.0,20.0,65.0,88.5,26.0,23.0,13.0,15.0,55.0,80.0,80.0,9,47.0,"Frost, A.",71.0,367,1.0,313,"Frost, A.",K,1.0,17,40.0,20.0,0,15.0,NO,4,0.308,93.8,32.0,30.0
147,9,7/7,8/8,6/7,0/0,2/2,1.0,30.0,20.0,80.0,95.8,24.0,23.0,13.0,15.0,80.0,100.0,90.0,5,47.0,"Fulture, K.",89.0,268,1.0,336,"Fulture, K.",K,1.0,17,30.0,15.0,0,15.0,CHI,8,0.615,100.0,37.0,37.0
148,10,6/6,13/14,5/6,0/0,2/2,1.0,30.0,20.0,65.0,92.9,28.0,26.0,13.0,15.0,50.0,89.0,90.0,8,47.0,"Crisco, A.",76.0,343,1.0,261,"Crisco, A.",K,1.0,17,30.0,25.0,0,15.0,AUS,5,0.385,96.2,26.0,25.0
149,1,3/3,4/4,6/8,2/2,2/2,1.0,35.0,20.0,65.0,89.5,19.0,17.0,13.0,15.0,55.0,90.0,88.0,7,57.0,"Brand, F.",78.0,346,1.0,366,"Brand, F.",K,1.0,18,40.0,20.0,0,15.0,BAL,6,0.462,97.6,42.0,41.0
150,2,6/6,9/11,5/6,1/2,3/3,1.0,30.0,20.0,65.0,85.7,28.0,24.0,13.0,15.0,50.0,80.0,92.0,2,57.0,"Donaldson, N.",73.0,239,1.0,393,"Donaldson, N.",K,1.0,18,30.0,25.0,0,15.0,YKW,11,0.846,93.5,46.0,43.0
151,3,7/7,3/3,11/13,0/2,2/2,1.0,35.0,20.0,65.0,85.2,27.0,23.0,13.0,15.0,55.0,81.0,81.0,8,47.0,"Harris Jr, S.",72.0,339,1.0,271,"Harris Jr, S.",K,1.0,18,40.0,20.0,0,15.0,COL,5,0.385,92.9,28.0,26.0
152,4,8/8,4/6,2/5,0/1,1/1,1.0,30.0,20.0,65.0,71.4,21.0,15.0,13.0,15.0,60.0,77.0,75.0,4,43.0,"Clutch (R), C.",69.0,291,1.0,355,"Clutch (R), C.",K,1.0,18,30.0,15.0,0,15.0,AZ,9,0.6920000000000001,100.0,44.0,44.0
153,5,13/13,6/6,10/10,1/2,0/0,1.0,30.0,20.0,69.0,96.8,31.0,30.0,13.0,15.0,60.0,96.0,90.0,3,57.0,"Dasistwirklichseinnachname, A.",81.0,233,1.0,363,"Dasistwirklichseinnachname, A.",K,1.0,18,30.0,15.0,0,15.0,OCO,10,0.769,94.3,35.0,33.0
154,6,6/7,5/6,3/3,0/0,1/1,1.0,35.0,20.0,65.0,88.2,17.0,15.0,13.0,15.0,60.0,79.0,75.0,9,47.0,"Bobby, K.",71.0,338,1.0,184,"Bobby, K.",K,1.0,18,40.0,20.0,0,15.0,SJS,4,0.308,100.0,17.0,17.0
155,7,5/5,9/9,4/7,0/0,1/1,1.0,30.0,20.0,65.0,86.4,22.0,19.0,13.0,15.0,65.0,81.0,84.0,9,46.0,"Frost (R), B.",74.0,317,1.0,286,"Frost (R), B.",K,1.0,18,30.0,25.0,0,15.0,PHI,4,0.308,96.9,32.0,31.0
156,8,3/3,5/8,10/11,0/0,2/2,1.0,35.0,20.0,65.0,83.3,24.0,20.0,13.0,15.0,55.0,80.0,80.0,8,48.0,"Frost, A.",71.0,327,1.0,285,"Frost, A.",K,1.0,18,40.0,20.0,0,15.0,NO,5,0.385,96.9,32.0,31.0
157,9,9/9,7/7,6/6,1/1,4/4,1.0,30.0,20.0,70.0,100.0,27.0,27.0,13.0,15.0,70.0,100.0,90.0,8,55.0,"Fulture, K.",85.0,350,1.0,300,"Fulture, K.",K,1.0,18,30.0,15.0,0,15.0,CHI,5,0.385,100.0,31.0,31.0
158,10,1/1,7/7,9/9,1/2,1/1,1.0,30.0,20.0,65.0,95.0,20.0,19.0,13.0,15.0,50.0,90.0,92.0,7,54.0,"Crisco, A.",77.0,390,1.0,367,"Crisco, A.",K,1.0,18,30.0,25.0,0,15.0,AUS,6,0.462,100.0,40.0,40.0
159,1,8/8,11/11,6/8,0/0,1/1,1.0,35.0,20.0,65.0,92.9,28.0,26.0,13.0,15.0,55.0,90.0,88.0,5,45.0,"Brand, F.",78.0,266,1.0,371,"Brand, F.",K,1.0,19,40.0,20.0,0,15.0,BAL,8,0.615,95.1,41.0,39.0
160,2,7/7,13/13,4/6,0/0,2/2,1.0,30.0,20.0,65.0,92.9,28.0,26.0,13.0,15.0,50.0,79.0,89.0,4,43.0,"Donaldson, N.",71.0,331,1.0,383,"Donaldson, N.",K,1.0,19,30.0,25.0,0,15.0,YKW,9,0.6920000000000001,83.3,42.0,35.0
161,3,6/8,4/5,4/6,1/3,1/1,1.0,35.0,20.0,65.0,69.6,23.0,16.0,13.0,15.0,55.0,81.0,81.0,5,55.0,"Harris Jr, S.",72.0,275,1.0,326,"Harris Jr, S.",K,1.0,19,40.0,20.0,0,15.0,COL,8,0.615,89.5,38.0,34.0
162,4,6/6,13/14,4/5,0/1,0/0,1.0,35.0,20.0,65.0,88.5,26.0,23.0,13.0,15.0,55.0,80.0,80.0,8,46.0,"Frost, A.",71.0,355,1.0,338,"Frost, A.",K,1.0,19,40.0,20.0,0,15.0,AZ,5,0.385,97.4,38.0,37.0
163,5,11/11,12/12,2/3,1/1,2/2,1.0,30.0,20.0,69.0,96.6,29.0,28.0,13.0,15.0,60.0,99.0,90.0,4,51.0,"Dasistwirklichseinnachname, A.",82.0,243,1.0,357,"Dasistwirklichseinnachname, A.",K,1.0,19,30.0,15.0,0,15.0,OCO,9,0.6920000000000001,94.9,39.0,37.0
164,6,6/6,5/6,5/5,0/1,0/0,1.0,35.0,20.0,65.0,88.9,18.0,16.0,13.0,15.0,60.0,79.0,75.0,9,46.0,"Bobby, K.",71.0,406,1.0,187,"Bobby, K.",K,1.0,19,40.0,20.0,0,15.0,SJS,4,0.308,89.5,19.0,17.0
165,7,6/6,4/6,7/8,0/0,1/1,1.0,30.0,20.0,65.0,85.7,21.0,18.0,13.0,15.0,65.0,84.0,84.0,7,46.0,"Frost, B.",76.0,278,1.0,280,"Frost, B.",K,1.0,19,30.0,25.0,0,15.0,PHI,6,0.462,90.3,31.0,28.0
166,8,8/8,11/11,7/10,0/0,1/1,1.0,30.0,20.0,65.0,90.0,30.0,27.0,13.0,15.0,60.0,89.0,80.0,5,48.0,"Prohaska (R), H.",75.0,271,1.0,341,"Prohaska (R), H.",K,1.0,19,30.0,15.0,0,15.0,NO,8,0.615,94.4,36.0,34.0
167,9,7/7,12/12,3/4,0/0,1/1,1.0,30.0,20.0,65.0,95.8,24.0,23.0,13.0,15.0,60.0,99.0,90.0,10,46.0,"Fulture, K.",82.0,392,1.0,223,"Fulture, K.",K,1.0,19,30.0,15.0,0,15.0,CHI,3,0.231,100.0,22.0,22.0
168,10,3/3,6/6,5/6,2/3,2/2,1.0,30.0,20.0,65.0,90.0,20.0,18.0,13.0,15.0,50.0,90.0,97.0,8,54.0,"Crisco, A.",78.0,288,1.0,299,"Crisco, A.",K,1.0,19,30.0,25.0,0,15.0,AUS,5,0.385,97.1,34.0,33.0
169,1,8/8,4/5,7/9,0/1,2/2,1.0,35.0,20.0,65.0,84.0,25.0,21.0,13.0,15.0,55.0,90.0,88.0,7,48.0,"Brand, F.",78.0,317,1.0,306,"Brand, F.",K,1.0,20,40.0,20.0,0,15.0,BAL,6,0.462,94.3,35.0,33.0
170,2,8/8,5/8,9/15,0/0,1/1,1.0,30.0,20.0,65.0,71.9,32.0,23.0,13.0,15.0,50.0,79.0,84.0,4,46.0,"Donaldson, N.",70.0,294,1.0,351,"Donaldson, N.",K,1.0,20,30.0,25.0,0,15.0,YKW,9,0.6920000000000001,87.8,41.0,36.0
171,3,7/7,9/10,4/4,1/2,1/1,12.0,30.0,20.0,70.0,91.7,24.0,22.0,13.0,15.0,60.0,90.0,80.0,6,55.0,"Jackson (R), J.",76.0,280,1.0,309,"Jackson (R), J.",K,1.0,20,30.0,15.0,0,15.0,COL,7,0.5379999999999999,97.1,34.0,33.0
172,4,7/7,5/6,10/12,0/0,1/1,1.0,30.0,20.0,65.0,88.5,26.0,23.0,13.0,15.0,60.0,82.0,84.0,6,46.0,"Espinosa (R), D.",73.0,328,1.0,317,"Espinosa (R), D.",K,1.0,20,30.0,15.0,0,15.0,AZ,7,0.5379999999999999,91.4,35.0,32.0
173,5,9/9,6/6,8/9,1/3,1/1,1.0,30.0,20.0,77.0,89.3,28.0,25.0,13.0,15.0,70.0,100.0,90.0,6,55.0,"Dasistwirklichseinnachname, A.",87.0,278,1.0,371,"Dasistwirklichseinnachname, A.",K,1.0,20,30.0,15.0,0,15.0,OCO,7,0.5379999999999999,97.6,41.0,40.0
174,6,1/2,6/6,8/8,0/0,0/0,1.0,35.0,20.0,65.0,93.8,16.0,15.0,13.0,15.0,60.0,79.0,75.0,8,49.0,"Bobby, K.",71.0,423,1.0,275,"Bobby, K.",K,1.0,20,40.0,20.0,0,15.0,SJS,5,0.385,90.3,31.0,28.0
175,7,5/5,11/11,5/9,1/3,1/1,1.0,30.0,20.0,65.0,79.3,29.0,23.0,13.0,15.0,60.0,91.0,90.0,8,56.0,"Powers (R), V.",79.0,275,1.0,242,"Powers (R), V.",K,1.0,20,30.0,15.0,0,15.0,PHI,5,0.385,100.0,23.0,23.0
176,8,4/4,12/12,2/3,1/1,0/0,1.0,30.0,20.0,65.0,95.0,20.0,19.0,13.0,15.0,60.0,90.0,81.0,6,52.0,"Prohaska (R), H.",76.0,294,1.0,315,"Prohaska (R), H.",K,1.0,20,30.0,15.0,0,15.0,NO,7,0.5379999999999999,97.3,37.0,36.0
177,9,4/4,3/4,7/9,2/4,0/0,1.0,30.0,20.0,65.0,76.2,21.0,16.0,13.0,15.0,60.0,93.0,88.0,9,56.0,"Fulture, K.",79.0,408,1.0,321,"Fulture, K.",K,1.0,20,30.0,15.0,0,15.0,CHI,4,0.308,89.2,37.0,33.0
178,10,10/10,13/13,6/8,1/2,1/1,1.0,30.0,20.0,70.0,91.2,34.0,31.0,13.0,15.0,50.0,90.0,100.0,5,65.0,"Crisco, A.",80.0,260,1.0,350,"Crisco, A.",K,1.0,20,30.0,25.0,0,15.0,AUS,8,0.615,97.2,36.0,35.0
179,1,4/4,5/5,6/8,0/1,0/0,1.0,30.0,20.0,65.0,83.3,18.0,15.0,11.0,15.0,60.0,94.0,82.0,4,46.0,"Fulture, K.",77.0,290,1.0,354,"Fulture, K.",K,1.0,21,30.0,15.0,0,15.0,BAL,9,0.6920000000000001,100.0,34.0,34.0
180,2,8/8,2/3,4/6,0/1,3/3,1.0,30.0,20.0,65.0,81.0,21.0,17.0,13.0,15.0,60.0,92.0,90.0,6,49.0,"Smalls (R), D.",79.0,308,1.0,315,"Smalls (R), D.",K,1.0,21,30.0,15.0,0,15.0,YKW,7,0.5379999999999999,94.4,36.0,34.0
181,3,6/6,7/8,6/6,0/2,2/2,1.0,30.0,20.0,65.0,87.5,24.0,21.0,13.0,15.0,60.0,97.0,80.0,5,45.0,"Banana (R), S.",78.0,299,1.0,323,"Banana (R), S.",K,1.0,21,30.0,15.0,0,15.0,COL,8,0.615,97.3,37.0,36.0
182,4,8/8,6/7,9/9,1/1,0/0,1.0,30.0,20.0,65.0,96.0,25.0,24.0,13.0,15.0,50.0,80.0,88.0,10,56.0,"Jay-Jaymison (R), J.",72.0,379,1.0,253,"Jay-Jaymison (R), J.",P,1.0,21,30.0,25.0,0,15.0,AZ,3,0.231,95.8,24.0,23.0
183,5,6/6,8/8,2/3,1/1,0/0,1.0,30.0,20.0,90.0,94.4,18.0,17.0,13.0,15.0,72.0,100.0,90.0,3,54.0,"Dasistwirklichseinnachname, A.",89.0,230,1.0,360,"Dasistwirklichseinnachname, A.",K,1.0,21,30.0,19.0,0,15.0,OCO,10,0.769,97.7,44.0,43.0
184,6,6/6,8/10,6/7,0/2,2/2,1.0,35.0,20.0,65.0,81.5,27.0,22.0,13.0,15.0,60.0,79.0,75.0,9,46.0,"Bobby, K.",71.0,289,1.0,221,"Bobby, K.",K,1.0,21,40.0,20.0,0,15.0,SJS,4,0.308,86.4,22.0,19.0
185,7,6/6,9/10,6/6,2/2,0/0,1.0,30.0,20.0,78.0,95.8,24.0,23.0,13.0,15.0,60.0,100.0,90.0,10,57.0,"Powers, V.",84.0,356,1.0,248,"Powers, V.",K,1.0,21,30.0,15.0,0,15.0,PHI,3,0.231,88.5,26.0,23.0
186,8,6/6,5/6,14/16,1/1,1/1,1.0,30.0,20.0,65.0,90.0,30.0,27.0,13.0,15.0,60.0,90.0,84.0,4,52.0,"Prohaska, H.",76.0,260,1.0,374,"Prohaska, H.",K,1.0,21,30.0,15.0,0,15.0,NO,9,0.6920000000000001,92.9,42.0,39.0
187,9,4/6,6/8,8/8,0/3,2/2,1.0,30.0,20.0,65.0,74.1,27.0,20.0,13.0,15.0,60.0,82.0,84.0,8,49.0,"Espinosa, D.",73.0,357,1.0,336,"Espinosa, D.",K,1.0,21,30.0,15.0,0,15.0,CHI,5,0.385,92.3,39.0,36.0
188,10,6/6,9/9,13/15,3/4,1/1,1.0,30.0,20.0,65.0,91.4,35.0,32.0,13.0,15.0,50.0,90.0,99.0,6,62.0,"Crisco, A.",79.0,334,1.0,318,"Crisco, A.",K,1.0,21,30.0,25.0,0,15.0,AUS,7,0.5379999999999999,89.7,29.0,26.0
189,1,8/8,2/2,5/5,1/2,2/2,1.0,35.0,20.0,65.0,94.7,19.0,18.0,7.0,15.0,55.0,91.0,90.0,6,54.0,"Brand, F.",79.0,145,1.0,117,"Brand, F.",K,1.0,22,40.0,20.0,0,15.0,BAL,1,0.14300000000000002,100.0,9.0,9.0
190,2,3/3,6/7,4/4,1/1,0/0,1.0,30.0,20.0,65.0,93.3,15.0,14.0,7.0,15.0,60.0,97.0,90.0,1,52.0,"Smalls, D.",81.0,134,1.0,192,"Smalls, D.",K,1.0,22,30.0,15.0,0,15.0,YKW,6,0.857,85.7,21.0,18.0
191,3,3/3,6/6,2/2,0/1,2/2,1.0,30.0,20.0,65.0,92.9,14.0,13.0,7.0,15.0,60.0,100.0,81.0,2,48.0,"Banana, S.",80.0,119,1.0,188,"Banana, S.",K,1.0,22,30.0,15.0,0,15.0,COL,5,0.7140000000000001,100.0,21.0,21.0
192,4,2/2,4/4,2/2,0/0,0/0,1.0,30.0,20.0,65.0,100.0,8.0,8.0,7.0,15.0,50.0,81.0,90.0,4,43.0,"Jay-Jaymison, J.",73.0,189,1.0,155,"Jay-Jaymison, J.",P,1.0,22,30.0,25.0,1,15.0,AZ,2,0.35700000000000004,88.2,17.0,15.0
193,5,5/5,8/8,2/2,1/1,1/1,1.0,30.0,20.0,89.0,100.0,17.0,17.0,7.0,15.0,60.0,100.0,90.0,1,52.0,"Dasistwirklichseinnachname, A.",86.0,124,1.0,198,"Dasistwirklichseinnachname, A.",K,1.0,22,30.0,16.0,0,15.0,OCO,6,0.857,100.0,19.0,19.0
194,6,2/2,2/2,3/3,1/1,0/0,1.0,30.0,20.0,65.0,100.0,8.0,8.0,7.0,15.0,53.0,88.0,90.0,2,56.0,"McDairmid, M.",76.0,149,1.0,172,"McDairmid, M.",K,1.0,22,30.0,25.0,0,15.0,SJS,5,0.7140000000000001,95.2,21.0,20.0
195,7,3/4,2/4,2/2,1/2,0/0,1.0,30.0,20.0,65.0,66.7,12.0,8.0,7.0,15.0,60.0,85.0,85.0,3,54.0,"Louis (R), L.",75.0,124,1.0,156,"Louis (R), L.",K,1.0,22,30.0,15.0,0,15.0,PHI,4,0.5710000000000001,88.9,18.0,16.0
196,8,2/2,6/8,5/8,1/2,0/0,1.0,30.0,20.0,65.0,70.0,20.0,14.0,7.0,15.0,60.0,90.0,87.0,3,56.0,"Prohaska, H.",77.0,128,1.0,159,"Prohaska, H.",K,1.0,22,30.0,15.0,0,15.0,NO,4,0.5710000000000001,88.2,17.0,15.0
197,9,1/1,3/5,2/4,0/0,1/1,1.0,30.0,20.0,65.0,63.6,11.0,7.0,7.0,15.0,60.0,90.0,77.0,6,43.0,"Sidekick (R), S.",74.0,202,1.0,62,"Sidekick (R), S.",K,1.0,22,30.0,15.0,0,15.0,CHI,1,0.14300000000000002,83.3,6.0,5.0
198,10,2/2,2/2,5/7,0/0,0/0,1.0,30.0,20.0,65.0,81.8,11.0,9.0,7.0,15.0,50.0,90.0,93.0,4,46.0,"Crisco, A.",77.0,175,1.0,172,"Crisco, A.",K,1.0,22,30.0,25.0,1,15.0,AUS,2,0.35700000000000004,95.0,20.0,19.0
199,11,5/5,3/3,3/3,0/2,1/1,1.0,30.0,20.0,65.0,85.7,14.0,12.0,7.0,15.0,60.0,82.0,84.0,4,44.0,"Espinosa, D.",73.0,158,1.0,98,"Espinosa, D.",K,1.0,22,30.0,15.0,0,15.0,SAR,3,0.429,88.9,9.0,8.0
200,12,3/3,2/2,1/2,0/0,2/2,1.0,30.0,20.0,91.0,88.9,9.0,8.0,7.0,15.0,60.0,100.0,90.0,5,46.0,"Powers, V.",86.0,145,1.0,123,"Powers, V.",K,1.0,22,30.0,15.0,0,15.0,HON,2,0.28600000000000003,100.0,13.0,13.0
