,teamID,ACC,AGI,ARM,Att,Avg,END,G,HND,INT,KAc,KDi,L,Lg,Name,OVR,PA,PBl,PF,Player,Position,RBl,S,SPE,STR,T,TCK,TD,Team,W,WPct,Yards
0,1,80,50,75,20,0.4,50,14,15,70,1,1,10,5,"Kyubee, S.",75,330,1,254,"Kyubee, S.",QB,1,1,58,35,0,15,1,BAL,4,0.28600000000000003,7
1,1,15,70,15,228,3.6,66,14,61,51,1,1,10,16,"Robinson, M.",71,330,27,254,"Robinson, M.",RB,22,1,73,67,0,20,3,BAL,4,0.28600000000000003,813
2,1,15,61,15,157,3.5,70,14,55,53,1,1,10,12,"Novel, L.",67,330,25,254,"Novel, L.",RB,25,1,72,66,0,20,6,BAL,4,0.28600000000000003,549
3,2,17,63,17,277,4.4,66,14,60,63,3,3,6,38,"Nuck, B.",69,225,24,256,"Nuck, B.",RB,22,1,80,51,0,22,6,YKW,8,0.5710000000000001,1217
4,2,80,45,72,6,0.2,50,14,15,80,1,1,6,1,"Orosz, C.",75,225,1,256,"Orosz, C.",QB,1,1,40,35,0,15,0,YKW,8,0.5710000000000001,1
5,2,15,65,15,12,3.8,65,13,70,40,1,1,6,8,"Tobin, T.",65,225,25,256,"Tobin, T.",RB,20,1,70,50,0,20,1,YKW,8,0.5710000000000001,45
6,2,1,46,1,2,0.0,65,14,60,57,1,1,6,0,"Larsendorf, R.",58,225,50,256,"Larsendorf, R.",TE,50,1,50,50,0,30,0,YKW,8,0.5710000000000001,0
7,2,15,50,15,62,3.4,72,14,50,40,1,1,6,16,"Stats, J.",61,225,20,256,"Stats, J.",RB,25,1,70,70,0,20,2,YKW,8,0.5710000000000001,208
8,3,15,70,15,147,3.7,66,14,50,50,1,1,6,18,"Tweed, B.",73,253,22,250,"Tweed, B.",RB,22,1,83,70,0,22,1,COL,8,0.5710000000000001,547
9,3,15,70,15,167,3.6,71,14,50,50,1,1,6,14,"O'Connell, K.",71,253,35,250,"O'Connell, K.",RB,27,1,76,70,0,22,6,COL,8,0.5710000000000001,599
10,3,15,55,15,107,3.7,70,14,56,34,1,1,6,13,"Tiernan, L.",69,253,22,250,"Tiernan, L.",RB,27,1,80,80,0,22,3,COL,8,0.5710000000000001,391
11,3,80,52,80,16,1.2,50,14,17,73,3,3,6,6,"Noble, L.",78,253,3,250,"Noble, L.",QB,3,1,60,38,0,17,0,COL,8,0.5710000000000001,19
12,4,15,70,15,149,4.1,70,14,60,30,1,1,5,16,"Durden, J.",70,204,20,277,"Durden, J.",RB,20,1,80,60,0,20,4,ARI,9,0.643,613
13,4,80,42,75,12,0.6,42,14,15,71,1,1,5,7,"Draxel, V.",73,204,1,277,"Draxel, V.",QB,1,1,42,35,0,15,0,ARI,9,0.643,7
14,4,15,60,15,1,0.0,70,13,40,30,1,1,5,0,"Bessel, F.",59,204,20,277,"Bessel, F.",RB,25,1,65,70,0,20,0,ARI,9,0.643,0
15,4,15,70,15,142,4.4,66,14,42,32,1,1,5,33,"Mackworthy, R.",70,204,22,277,"Mackworthy, R.",RB,22,1,85,68,0,20,1,ARI,9,0.643,630
16,4,15,70,15,126,3.3,70,14,50,32,1,1,5,17,"Newman, M.",65,204,20,277,"Newman, M.",RB,20,1,73,56,0,20,2,ARI,9,0.643,411
17,5,15,61,15,207,4.6,71,14,51,32,1,1,5,19,"Jenkins, L.",67,196,27,249,"Jenkins, L.",RB,27,1,75,75,0,22,4,OCO,9,0.643,955
18,5,15,70,15,218,4.6,65,14,42,30,1,1,5,80,"Wright, O.",67,196,22,249,"Wright, O.",RB,22,1,85,51,0,22,3,OCO,9,0.643,999
19,5,81,45,74,4,0.5,42,4,15,70,1,1,5,1,"Bercovici, J.",74,196,1,249,"Bercovici, J.",QB,1,1,50,40,0,15,0,OCO,9,0.643,2
20,5,1,50,1,5,0.4,65,14,61,50,1,1,5,1,"Davidson, J.",63,196,35,249,"Davidson, J.",TE,35,1,60,60,0,30,0,OCO,9,0.643,2
21,5,81,42,75,10,1.0,42,11,17,80,1,1,5,5,"Boss, M.",76,196,3,249,"Boss, M.",QB,3,1,42,37,0,17,0,OCO,9,0.643,10
22,6,73,50,74,7,1.4,50,9,15,73,1,1,10,5,"Christ, J.",72,291,1,213,"Christ, J.",QB,1,1,51,40,0,15,0,SJS,4,0.28600000000000003,10
23,6,15,70,15,112,4.1,65,14,40,50,1,1,10,13,"Wiley, D.",64,291,20,213,"Wiley, D.",RB,20,1,75,50,0,20,3,SJS,4,0.28600000000000003,458
24,6,15,61,15,2,2.5,70,4,51,40,1,1,10,3,"Savea, A.",63,291,27,213,"Savea, A.",RB,27,1,66,70,0,22,1,SJS,4,0.28600000000000003,5
25,6,15,74,15,262,3.8,70,14,51,37,1,1,10,15,"Bowers Jr, V.",71,291,25,213,"Bowers Jr, V.",RB,25,1,80,63,0,20,2,SJS,4,0.28600000000000003,1003
26,6,71,60,73,21,2.6,50,14,15,72,1,1,10,18,"Hunt, E.",74,291,1,213,"Hunt, E.",QB,1,1,69,35,0,15,0,SJS,4,0.28600000000000003,55
27,1,80,50,75,20,0.4,50,14,15,70,1,1,10,5,"Kyubee, S.",75,330,1,254,"Kyubee, S.",QB,1,1,58,35,0,15,1,BAL,4,0.28600000000000003,7
28,1,15,70,15,228,3.6,66,14,61,51,1,1,10,16,"Robinson, M.",71,330,27,254,"Robinson, M.",RB,22,1,73,67,0,20,3,BAL,4,0.28600000000000003,813
29,1,15,61,15,157,3.5,70,14,55,53,1,1,10,12,"Novel, L.",67,330,25,254,"Novel, L.",RB,25,1,72,66,0,20,6,BAL,4,0.28600000000000003,549
30,2,17,63,17,277,4.4,66,14,60,63,3,3,6,38,"Nuck, B.",69,225,24,256,"Nuck, B.",RB,22,1,80,51,0,22,6,YKW,8,0.5710000000000001,1217
31,2,80,45,72,6,0.2,50,14,15,80,1,1,6,1,"Orosz, C.",75,225,1,256,"Orosz, C.",QB,1,1,40,35,0,15,0,YKW,8,0.5710000000000001,1
32,2,15,65,15,12,3.8,65,13,70,40,1,1,6,8,"Tobin, T.",65,225,25,256,"Tobin, T.",RB,20,1,70,50,0,20,1,YKW,8,0.5710000000000001,45
33,2,1,46,1,2,0.0,65,14,60,57,1,1,6,0,"Larsendorf, R.",58,225,50,256,"Larsendorf, R.",TE,50,1,50,50,0,30,0,YKW,8,0.5710000000000001,0
34,2,15,50,15,62,3.4,72,14,50,40,1,1,6,16,"Stats, J.",61,225,20,256,"Stats, J.",RB,25,1,70,70,0,20,2,YKW,8,0.5710000000000001,208
35,3,15,70,15,147,3.7,66,14,50,50,1,1,6,18,"Tweed, B.",73,253,22,250,"Tweed, B.",RB,22,1,83,70,0,22,1,COL,8,0.5710000000000001,547
36,3,15,70,15,167,3.6,71,14,50,50,1,1,6,14,"O'Connell, K.",71,253,35,250,"O'Connell, K.",RB,27,1,76,70,0,22,6,COL,8,0.5710000000000001,599
37,3,15,55,15,107,3.7,70,14,56,34,1,1,6,13,"Tiernan, L.",69,253,22,250,"Tiernan, L.",RB,27,1,80,80,0,22,3,COL,8,0.5710000000000001,391
38,3,80,52,80,16,1.2,50,14,17,73,3,3,6,6,"Noble, L.",78,253,3,250,"Noble, L.",QB,3,1,60,38,0,17,0,COL,8,0.5710000000000001,19
39,4,15,70,15,149,4.1,70,14,60,30,1,1,5,16,"Durden, J.",70,204,20,277,"Durden, J.",RB,20,1,80,60,0,20,4,ARI,9,0.643,613
40,4,80,42,75,12,0.6,42,14,15,71,1,1,5,7,"Draxel, V.",73,204,1,277,"Draxel, V.",QB,1,1,42,35,0,15,0,ARI,9,0.643,7
41,4,15,60,15,1,0.0,70,13,40,30,1,1,5,0,"Bessel, F.",59,204,20,277,"Bessel, F.",RB,25,1,65,70,0,20,0,ARI,9,0.643,0
42,4,15,70,15,142,4.4,66,14,42,32,1,1,5,33,"Mackworthy, R.",70,204,22,277,"Mackworthy, R.",RB,22,1,85,68,0,20,1,ARI,9,0.643,630
43,4,15,70,15,126,3.3,70,14,50,32,1,1,5,17,"Newman, M.",65,204,20,277,"Newman, M.",RB,20,1,73,56,0,20,2,ARI,9,0.643,411
44,5,15,61,15,207,4.6,71,14,51,32,1,1,5,19,"Jenkins, L.",67,196,27,249,"Jenkins, L.",RB,27,1,75,75,0,22,4,OCO,9,0.643,955
45,5,15,70,15,218,4.6,65,14,42,30,1,1,5,80,"Wright, O.",67,196,22,249,"Wright, O.",RB,22,1,85,51,0,22,3,OCO,9,0.643,999
46,5,81,45,74,4,0.5,42,4,15,70,1,1,5,1,"Bercovici, J.",74,196,1,249,"Bercovici, J.",QB,1,1,50,40,0,15,0,OCO,9,0.643,2
47,5,1,50,1,5,0.4,65,14,61,50,1,1,5,1,"Davidson, J.",63,196,35,249,"Davidson, J.",TE,35,1,60,60,0,30,0,OCO,9,0.643,2
48,5,81,42,75,10,1.0,42,11,17,80,1,1,5,5,"Boss, M.",76,196,3,249,"Boss, M.",QB,3,1,42,37,0,17,0,OCO,9,0.643,10
49,6,73,50,74,7,1.4,50,9,15,73,1,1,10,5,"Christ, J.",72,291,1,213,"Christ, J.",QB,1,1,51,40,0,15,0,SJS,4,0.28600000000000003,10
50,6,15,70,15,112,4.1,65,14,40,50,1,1,10,13,"Wiley, D.",64,291,20,213,"Wiley, D.",RB,20,1,75,50,0,20,3,SJS,4,0.28600000000000003,458
51,6,15,61,15,2,2.5,70,4,51,40,1,1,10,3,"Savea, A.",63,291,27,213,"Savea, A.",RB,27,1,66,70,0,22,1,SJS,4,0.28600000000000003,5
52,6,15,74,15,262,3.8,70,14,51,37,1,1,10,15,"Bowers Jr, V.",71,291,25,213,"Bowers Jr, V.",RB,25,1,80,63,0,20,2,SJS,4,0.28600000000000003,1003
53,6,71,60,73,21,2.6,50,14,15,72,1,1,10,18,"Hunt, E.",74,291,1,213,"Hunt, E.",QB,1,1,69,35,0,15,0,SJS,4,0.28600000000000003,55
54,1,15,73,15,376,3.4,71,14,52,34,1,1,6,18,"Farlane, D.",71,270,24,268,"Farlane, D.",RB,24,2,88,50,0,20,5,BAL,8,0.5710000000000001,1267
55,1,15,70,15,84,4.0,66,14,61,51,1,1,6,14,"Robinson, M.",71,270,27,268,"Robinson, M.",RB,22,2,73,67,0,20,2,BAL,8,0.5710000000000001,332
56,1,80,50,80,16,1.9,50,14,15,82,1,1,6,11,"Kyubee, S.",81,270,1,268,"Kyubee, S.",QB,1,2,60,35,0,15,0,BAL,8,0.5710000000000001,31
57,1,1,45,1,2,0.0,65,14,71,55,1,1,6,0,"Sanderson, J.",63,270,30,268,"Sanderson, J.",TE,30,2,56,52,0,25,0,BAL,8,0.5710000000000001,0
58,2,15,58,15,52,2.5,70,14,52,35,1,1,6,9,"Kennedy, E.",66,295,37,300,"Kennedy, E.",RB,42,2,71,74,0,20,1,YKW,8,0.5710000000000001,129
59,2,84,60,81,15,0.7,55,14,15,81,1,1,6,6,"Orosz, C.",84,295,1,300,"Orosz, C.",QB,1,2,60,50,0,15,0,YKW,8,0.5710000000000001,11
60,2,15,57,15,12,3.1,65,2,49,30,1,1,6,7,"Burnsman, E.",62,295,20,300,"Burnsman, E.",RB,20,2,80,50,0,20,1,YKW,8,0.5710000000000001,37
61,2,17,72,17,290,3.6,70,14,60,71,3,3,6,32,"Nuck, B.",76,295,31,300,"Nuck, B.",RB,24,2,85,52,0,24,5,YKW,8,0.5710000000000001,1041
62,3,15,71,15,285,3.7,68,14,52,52,1,1,6,19,"Tweed, B.",79,216,26,268,"Tweed, B.",RB,26,2,94,71,0,26,6,COL,8,0.5710000000000001,1054
63,3,15,70,15,52,2.9,71,14,53,50,1,1,6,10,"O'Connell, K.",74,216,39,268,"O'Connell, K.",RB,33,2,80,74,0,22,1,COL,8,0.5710000000000001,153
64,3,87,57,81,9,3.4,62,14,17,81,3,3,6,15,"Noble, L.",85,216,3,268,"Noble, L.",QB,3,2,63,50,0,21,0,COL,8,0.5710000000000001,31
65,4,72,55,68,5,0.0,40,6,15,72,1,1,2,2,"Strike, M.",72,175,1,369,"Strike, M.",QB,1,2,71,30,0,15,0,ARI,12,0.857,0
66,4,15,75,15,333,3.3,72,14,50,32,1,1,2,15,"Mackworthy, R.",77,175,22,369,"Mackworthy, R.",RB,22,2,90,75,0,20,7,ARI,12,0.857,1089
67,4,1,50,1,1,1.0,60,14,20,60,1,1,2,1,"MacManus, C.",64,175,70,369,"MacManus, C.",G,60,2,50,65,0,35,0,ARI,12,0.857,1
68,4,80,60,80,10,2.5,55,14,15,80,1,1,2,8,"Bronko, K.",82,175,1,369,"Bronko, K.",QB,1,2,60,56,0,15,0,ARI,12,0.857,25
69,5,85,46,80,14,-0.1,46,14,17,90,1,1,6,4,"Boss, M.",83,219,3,271,"Boss, M.",QB,3,2,46,41,0,21,0,OCO,8,0.5710000000000001,-1
70,5,15,63,15,191,3.4,80,14,60,36,1,1,6,11,"Jenkins, L.",75,219,31,271,"Jenkins, L.",RB,31,2,82,81,0,26,2,OCO,8,0.5710000000000001,640
71,5,15,74,15,165,3.3,70,14,51,37,1,1,6,16,"Bowers Jr, V.",72,219,25,271,"Bowers Jr, V.",RB,25,2,80,67,0,20,1,OCO,8,0.5710000000000001,538
72,6,1,45,1,1,0.0,60,13,20,60,1,1,10,0,"Brownce, B.",66,374,69,233,"Brownce, B.",C,68,2,35,68,0,35,0,SJS,4,0.28600000000000003,0
73,6,70,50,79,2,-6.5,50,3,15,66,1,1,10,0,"Adams, C.",71,374,1,233,"Adams, C.",QB,1,2,53,60,0,15,0,SJS,4,0.28600000000000003,-13
74,6,74,60,77,71,1.5,50,14,15,80,1,1,10,11,"Hunt, E.",79,374,1,233,"Hunt, E.",QB,1,2,70,35,0,15,2,SJS,4,0.28600000000000003,107
75,6,15,73,15,51,3.1,70,14,45,36,1,1,10,15,"Diaz, D.",67,374,25,233,"Diaz, D.",RB,25,2,70,73,0,20,0,SJS,4,0.28600000000000003,159
76,6,15,80,15,302,3.4,73,14,60,30,1,1,10,12,"Durden, J.",73,374,20,233,"Durden, J.",RB,20,2,80,60,0,20,5,SJS,4,0.28600000000000003,1025
77,7,15,60,15,4,2.2,70,14,50,50,1,1,9,4,"Jensen, R.",61,281,25,245,"Jensen, R.",RB,25,2,65,60,0,20,0,PHI,5,0.35700000000000004,9
78,7,1,72,1,13,0.3,71,14,70,60,1,1,9,2,"Jefferson, L.",82,281,7,245,"Jefferson, L.",FS,7,2,90,65,0,70,0,PHI,5,0.35700000000000004,4
79,7,15,71,15,264,3.5,65,14,42,30,1,1,9,14,"Wright, O.",70,281,22,245,"Wright, O.",RB,22,2,92,51,0,22,9,PHI,5,0.35700000000000004,916
80,7,74,50,75,10,-0.5,50,14,15,80,1,1,9,2,"Christ, J.",75,281,1,245,"Christ, J.",QB,1,2,51,40,0,15,0,PHI,5,0.35700000000000004,-5
81,7,15,70,15,30,2.9,70,9,50,32,1,1,9,8,"Newman, M.",65,281,20,245,"Newman, M.",RB,20,2,73,56,0,20,1,PHI,5,0.35700000000000004,86
82,8,83,45,80,18,0.7,46,14,15,81,1,1,11,11,"Bercovici, J.",80,335,1,211,"Bercovici, J.",QB,1,2,50,40,0,15,0,LV,3,0.214,13
83,8,15,70,15,110,3.7,70,14,66,40,1,1,11,10,"Cobb, K.",71,335,35,211,"Cobb, K.",RB,20,2,75,64,0,20,2,LV,3,0.214,404
84,8,15,74,15,227,3.1,71,14,56,44,1,1,11,13,"Savea, A.",77,335,31,211,"Savea, A.",RB,31,2,85,72,0,26,3,LV,3,0.214,712
85,8,1,46,1,2,0.0,65,14,60,57,1,1,11,0,"Larsendorf, R.",58,335,50,211,"Larsendorf, R.",TE,50,2,50,50,0,30,0,LV,3,0.214,0
86,1,80,50,80,11,3.3,50,14,15,88,1,1,5,15,"Kyubee, S.",82,270,1,317,"Kyubee, S.",QB,1,3,60,35,0,15,0,BAL,9,0.643,36
87,1,15,74,15,360,3.1,71,14,52,34,1,1,5,20,"Farlane, D.",72,270,24,317,"Farlane, D.",RB,24,3,88,52,0,24,6,BAL,9,0.643,1114
88,1,1,45,1,3,0.0,65,14,71,55,1,1,5,1,"Sanderson, J.",63,270,30,317,"Sanderson, J.",TE,30,3,56,52,0,25,0,BAL,9,0.643,0
89,1,15,70,15,70,2.9,66,14,61,51,1,1,5,9,"Robinson, M.",71,270,27,317,"Robinson, M.",RB,22,3,73,67,0,20,3,BAL,9,0.643,204
90,2,17,75,17,311,3.4,74,14,64,71,3,3,7,12,"Nuck, B.",80,275,31,332,"Nuck, B.",RB,24,3,91,52,0,24,6,YKW,7,0.5,1045
91,2,15,68,15,57,2.1,72,14,75,42,1,1,7,8,"Kennedy, E.",76,275,45,332,"Kennedy, E.",RB,50,3,72,80,0,24,1,YKW,7,0.5,121
92,2,90,60,81,28,1.3,55,14,15,84,1,1,7,20,"Orosz, C.",87,275,1,332,"Orosz, C.",QB,1,3,60,50,0,15,0,YKW,7,0.5,37
93,3,15,73,15,400,3.4,79,14,56,54,1,1,11,15,"Tweed, B.",84,372,30,182,"Tweed, B.",RB,30,3,100,72,0,30,4,COL,3,0.214,1375
94,3,15,70,15,78,3.6,70,12,50,32,1,1,11,14,"Newman, M.",65,372,20,182,"Newman, M.",RB,20,3,73,56,0,20,2,COL,3,0.214,282
95,3,70,70,70,39,2.0,53,14,15,70,1,1,11,16,"Pierno, N.",74,372,1,182,"Pierno, N.",QB,1,3,75,32,0,15,0,COL,3,0.214,78
96,4,1,70,1,1,2.0,62,14,80,52,1,1,1,2,"Zhang, S.",71,166,14,427,"Zhang, S.",WR,14,3,84,25,0,20,0,ARI,13,0.929,2
97,4,1,58,1,4,0.2,65,14,77,50,1,1,1,2,"Law, C.",76,166,34,427,"Law, C.",TE,45,3,70,66,0,25,0,ARI,13,0.929,1
98,4,85,60,83,16,1.7,55,14,15,85,1,1,1,20,"Bronko, K.",86,166,1,427,"Bronko, K.",QB,1,3,60,60,0,15,0,ARI,13,0.929,27
99,4,15,80,15,364,3.3,72,14,50,40,1,1,1,15,"Mackworthy, R.",81,166,22,427,"Mackworthy, R.",RB,22,3,95,75,0,20,10,ARI,13,0.929,1215
100,5,91,46,85,8,2.1,50,14,17,90,1,1,6,9,"Boss, M.",87,288,3,406,"Boss, M.",QB,3,3,46,41,0,21,0,OCO,8,0.5710000000000001,17
101,5,15,58,15,151,3.7,65,14,49,30,1,1,6,13,"Burnsman, E.",66,288,20,406,"Burnsman, E.",RB,20,3,90,50,0,20,11,OCO,8,0.5710000000000001,552
102,5,15,64,15,123,2.9,80,14,62,40,1,1,6,11,"Jenkins, L.",78,288,35,406,"Jenkins, L.",RB,35,3,85,83,0,30,5,OCO,8,0.5710000000000001,359
103,6,83,60,80,52,2.1,52,14,15,80,1,1,8,17,"Hunt, E.",83,338,1,292,"Hunt, E.",QB,1,3,70,35,1,15,0,SJS,5,0.39299999999999996,108
104,6,15,80,15,32,2.9,70,14,45,36,1,1,8,9,"Diaz, D.",72,338,25,292,"Diaz, D.",RB,25,3,76,75,1,20,2,SJS,5,0.39299999999999996,93
105,6,15,80,15,288,3.0,73,14,60,30,1,1,8,39,"Durden, J.",73,338,20,292,"Durden, J.",RB,20,3,80,60,1,20,4,SJS,5,0.39299999999999996,857
106,7,15,60,15,2,0.0,70,14,40,30,1,1,5,1,"Bessel, F.",45,328,20,326,"Bessel, F.",RB,25,3,30,70,1,20,0,PHI,8,0.607,0
107,7,15,70,15,60,3.2,71,14,53,50,1,1,5,14,"O'Connell, K.",74,328,39,326,"O'Connell, K.",RB,33,3,80,74,1,22,3,PHI,8,0.607,189
108,7,80,56,80,11,0.1,44,14,15,83,1,1,5,5,"Rove, C.",81,328,1,326,"Rove, C.",QB,1,3,57,45,1,15,1,PHI,8,0.607,1
109,7,15,71,15,289,3.4,65,14,42,30,1,1,5,16,"Wright, O.",73,328,22,326,"Wright, O.",RB,22,3,92,68,1,22,7,PHI,8,0.607,982
110,8,84,45,81,6,1.5,46,14,15,81,1,1,12,5,"Bercovici, J.",81,444,1,199,"Bercovici, J.",QB,1,3,50,40,0,15,0,LV,2,0.14300000000000002,9
111,8,15,81,15,311,3.1,71,14,60,44,1,1,12,18,"Savea, A.",82,444,31,199,"Savea, A.",RB,31,3,89,74,0,26,7,LV,2,0.14300000000000002,968
112,8,15,70,15,23,3.8,70,14,66,40,1,1,12,10,"Cobb, K.",71,444,35,199,"Cobb, K.",RB,20,3,75,64,0,20,0,LV,2,0.14300000000000002,87
113,8,1,46,1,8,-0.1,65,14,60,57,1,1,12,1,"Larsendorf, R.",58,444,50,199,"Larsendorf, R.",TE,50,3,50,50,0,30,0,LV,2,0.14300000000000002,-1
114,1,1,80,1,349,3.4,80,14,61,52,1,1,7,51,"Taylor, O.",86,324,36,315,"Taylor, O.",RB,24,4,95,75,0,24,12,BAL,7,0.5,1200
115,1,91,58,83,14,0.6,60,14,15,91,1,1,7,6,"Blocksdale, A.",90,324,1,315,"Blocksdale, A.",QB,1,4,59,46,0,15,0,BAL,7,0.5,8
116,1,1,50,1,24,3.6,70,14,62,45,1,1,7,11,"Koch, D.",69,324,50,315,"Koch, D.",RB,50,4,77,75,0,20,1,BAL,7,0.5,86
117,2,87,80,85,56,2.2,71,14,15,90,1,1,6,22,"Akselsen, M.",93,279,1,361,"Akselsen, M.",QB,1,4,80,38,0,19,1,YKW,8,0.5710000000000001,124
118,2,17,78,17,258,3.3,77,14,66,71,3,3,6,15,"Nuck, B.",82,279,31,361,"Nuck, B.",RB,24,4,92,52,0,24,3,YKW,8,0.5710000000000001,858
119,2,15,80,15,119,3.0,78,14,80,60,1,1,6,10,"Kennedy, E.",87,279,38,361,"Kennedy, E.",RB,36,4,86,75,0,24,3,YKW,8,0.5710000000000001,361
120,3,15,70,15,34,2.6,70,13,50,32,1,1,13,8,"Newman, M.",65,482,20,175,"Newman, M.",RB,20,4,73,56,0,20,1,COL,1,0.071,90
121,3,72,71,70,56,2.0,55,14,15,76,1,1,13,20,"Pierno, N.",77,482,1,175,"Pierno, N.",QB,1,4,81,32,0,15,0,COL,1,0.071,113
122,3,15,74,15,71,3.4,71,14,52,34,1,1,13,13,"Farlane, D.",72,482,24,175,"Farlane, D.",RB,24,4,88,52,0,24,3,COL,1,0.071,238
123,3,1,50,1,1,2.0,65,14,70,55,1,1,13,2,"Joyce, S.",68,482,35,175,"Joyce, S.",TE,35,4,71,55,0,30,0,COL,1,0.071,2
124,3,15,80,15,304,3.3,86,14,70,56,1,1,13,16,"Tweed, B.",90,482,34,175,"Tweed, B.",RB,34,4,100,73,0,34,4,COL,1,0.071,1018
125,4,15,80,15,230,3.5,74,14,50,40,1,1,2,14,"Mackworthy, R.",82,203,22,435,"Mackworthy, R.",RB,22,4,97,75,0,20,10,ARI,12,0.857,809
126,4,88,70,85,15,2.9,55,14,15,85,1,1,2,18,"Bronko, K.",90,203,1,435,"Bronko, K.",QB,1,4,70,70,0,15,1,ARI,12,0.857,43
127,5,15,64,15,123,2.9,80,14,62,40,1,1,5,13,"Jenkins, L.",78,238,35,421,"Jenkins, L.",RB,35,4,85,83,0,30,6,OCO,9,0.643,357
128,5,92,46,90,4,-0.5,70,14,17,90,1,1,5,1,"Boss, M.",90,238,3,421,"Boss, M.",QB,3,4,46,41,0,21,1,OCO,9,0.643,-2
129,5,15,58,15,98,2.8,65,14,49,30,1,1,5,13,"Burnsman, E.",67,238,20,421,"Burnsman, E.",RB,20,4,93,50,0,20,5,OCO,9,0.643,277
130,6,15,80,15,56,2.2,70,14,47,36,1,1,5,9,"Diaz, D.",75,264,25,373,"Diaz, D.",RB,25,4,80,77,0,20,2,SJS,9,0.643,124
131,6,15,70,15,269,3.6,79,14,72,30,1,1,5,31,"Yates, J.",84,264,20,373,"Yates, J.",RB,20,4,100,75,0,20,13,SJS,9,0.643,969
132,6,90,60,83,10,2.3,70,14,15,90,1,1,5,14,"Orosz, C.",90,264,1,373,"Orosz, C.",QB,1,4,60,50,0,15,0,SJS,9,0.643,23
133,7,85,56,80,11,0.6,44,14,15,83,1,1,7,3,"Rove, C.",83,350,1,265,"Rove, C.",QB,1,4,57,45,0,15,0,PHI,7,0.5,7
134,7,1,61,15,235,3.0,65,14,40,30,1,1,7,15,"Kroetch, D.",71,350,20,265,"Kroetch, D.",RB,20,4,95,67,0,20,6,PHI,7,0.5,697
135,7,15,71,15,37,2.7,65,8,42,30,1,1,7,12,"Wright, O.",73,350,22,265,"Wright, O.",RB,22,4,92,68,0,22,0,PHI,7,0.5,100
136,7,15,50,15,9,4.9,70,14,40,45,1,1,7,9,"Milan, C.",63,350,53,265,"Milan, C.",RB,50,4,70,80,0,20,0,PHI,7,0.5,44
137,7,15,70,15,68,2.9,71,14,53,50,1,1,7,10,"O'Connell, K.",74,350,39,265,"O'Connell, K.",RB,33,4,80,74,0,22,1,PHI,7,0.5,200
138,8,1,46,1,4,0.2,65,13,60,57,1,1,11,1,"Larsendorf, R.",58,439,50,234,"Larsendorf, R.",TE,50,4,50,50,0,30,0,LV,3,0.214,1
139,8,15,84,15,409,3.0,71,14,60,44,1,1,11,17,"Savea, A.",84,439,31,234,"Savea, A.",RB,31,4,90,80,0,26,5,LV,3,0.214,1222
140,8,15,70,15,55,3.8,70,14,66,40,1,1,11,12,"Cobb, K.",71,439,35,234,"Cobb, K.",RB,20,4,75,64,0,20,3,LV,3,0.214,211
141,8,83,50,80,22,-1.0,50,14,15,83,1,1,11,2,"Stone, W.",80,439,1,234,"Stone, W.",QB,1,4,40,50,0,15,0,LV,3,0.214,-23
142,1,1,50,1,25,3.4,70,14,66,45,1,1,6,10,"Koch, D.",71,340,50,405,"Koch, D.",RB,50,5,78,75,0,20,1,BAL,8,0.5710000000000001,86
143,1,15,84,15,268,3.7,81,14,75,71,1,1,6,18,"Taylor, O.",93,340,40,405,"Taylor, O.",RB,28,5,99,75,0,24,4,BAL,8,0.5710000000000001,992
144,1,96,70,90,10,1.8,63,14,15,92,1,1,6,8,"Blocksdale, A.",96,340,1,405,"Blocksdale, A.",QB,1,5,61,50,0,19,0,BAL,8,0.5710000000000001,18
145,2,90,86,90,27,2.4,71,14,15,90,1,1,4,12,"Akselsen, M.",98,310,1,433,"Akselsen, M.",QB,1,5,85,56,0,27,1,YKW,10,0.7140000000000001,64
146,2,15,88,15,51,4.3,80,14,84,71,1,1,4,16,"Kennedy, E.",93,310,42,433,"Kennedy, E.",RB,41,5,89,75,0,28,1,YKW,10,0.7140000000000001,218
147,2,17,78,17,184,3.3,77,14,73,71,3,3,4,12,"Nuck, B.",84,310,31,433,"Nuck, B.",RB,24,5,92,54,0,24,2,YKW,10,0.7140000000000001,602
148,3,80,80,76,118,2.9,57,14,15,81,1,1,12,27,"Pierno, N.",85,407,1,180,"Pierno, N.",QB,1,5,82,32,0,15,1,COL,2,0.14300000000000002,348
149,3,15,74,15,109,3.5,71,14,52,34,1,1,12,14,"Farlane, D.",72,407,24,180,"Farlane, D.",RB,24,5,88,52,0,24,1,COL,2,0.14300000000000002,381
150,3,15,88,15,335,3.3,95,14,71,58,1,1,12,16,"Tweed, B.",93,407,38,180,"Tweed, B.",RB,38,5,100,74,0,38,4,COL,2,0.14300000000000002,1098
151,4,15,84,15,188,3.5,74,14,50,40,1,1,6,13,"Mackworthy, R.",84,431,22,436,"Mackworthy, R.",RB,22,5,99,75,0,20,6,AZ,8,0.5710000000000001,652
152,4,1,86,1,7,0.9,69,14,86,56,1,1,6,4,"Chess, C.",82,431,24,436,"Chess, C.",WR,24,5,85,52,0,20,0,AZ,8,0.5710000000000001,6
153,4,90,76,90,5,5.0,55,14,15,85,1,1,6,10,"Bronko, K.",94,431,1,436,"Bronko, K.",QB,1,5,75,70,0,15,0,AZ,8,0.5710000000000001,25
154,4,15,71,15,20,3.4,65,14,42,30,1,1,6,9,"Wright, O.",73,431,22,436,"Wright, O.",RB,22,5,92,68,0,22,1,AZ,8,0.5710000000000001,68
155,5,15,64,15,4,3.5,70,14,75,50,1,1,3,5,"Petrakis, A.",84,265,60,421,"Petrakis, A.",FB,60,5,75,75,0,20,0,OCO,11,0.7859999999999999,14
156,5,15,80,15,7,2.4,73,13,60,30,1,1,3,10,"Durden, J.",73,265,20,421,"Durden, J.",RB,20,5,80,60,0,20,1,OCO,11,0.7859999999999999,17
157,5,15,80,15,137,3.6,80,14,75,52,1,1,3,16,"Yates, J.",90,265,24,421,"Yates, J.",RB,24,5,100,75,0,20,6,OCO,11,0.7859999999999999,493
158,5,93,47,94,10,-0.2,70,14,17,94,1,1,3,4,"Boss, M.",94,265,3,421,"Boss, M.",QB,3,5,52,41,0,21,0,OCO,11,0.7859999999999999,-2
159,5,15,58,15,62,3.7,65,13,49,30,1,1,3,11,"Burnsman, E.",67,265,20,421,"Burnsman, E.",RB,20,5,93,50,0,20,1,OCO,11,0.7859999999999999,230
160,6,1,88,1,257,3.3,78,14,71,50,1,1,6,13,"Smallwood, D.",90,374,36,343,"Smallwood, D.",RB,36,5,95,75,0,36,11,SJS,8,0.5710000000000001,840
161,6,90,69,90,12,3.2,72,14,15,90,1,1,6,10,"Orosz, C.",94,374,1,343,"Orosz, C.",QB,1,5,64,50,0,15,0,SJS,8,0.5710000000000001,38
162,6,15,80,15,69,2.5,70,14,47,36,1,1,6,9,"Diaz, D.",75,374,25,343,"Diaz, D.",RB,25,5,80,77,0,20,0,SJS,8,0.5710000000000001,174
163,7,15,50,15,21,1.9,70,14,40,45,1,1,6,5,"Milan, C.",63,339,53,405,"Milan, C.",RB,50,5,70,80,0,20,0,PHI,8,0.5710000000000001,40
164,7,88,59,87,14,2.2,44,14,15,90,1,1,6,15,"Rove, C.",89,339,1,405,"Rove, C.",QB,1,5,57,45,0,15,1,PHI,8,0.5710000000000001,31
165,7,15,70,15,47,2.9,71,14,53,50,1,1,6,9,"O'Connell, K.",74,339,39,405,"O'Connell, K.",RB,33,5,80,74,0,22,1,PHI,8,0.5710000000000001,138
166,7,1,75,15,230,3.6,65,14,40,30,1,1,6,13,"Kroetch, D.",75,339,20,405,"Kroetch, D.",RB,20,5,95,70,0,20,4,PHI,8,0.5710000000000001,828
167,8,1,50,1,2,1.5,65,14,74,60,1,1,13,2,"Tenzini, G.",65,453,30,296,"Tenzini, G.",TE,30,5,65,43,0,25,0,LV,1,0.071,3
168,8,15,87,15,276,3.1,71,14,60,44,1,1,13,13,"Savea, A.",85,453,31,296,"Savea, A.",RB,31,5,90,80,0,26,4,LV,1,0.071,849
169,8,15,70,15,27,3.0,70,14,74,49,1,1,13,9,"O'Sullivan, C.",75,453,33,296,"O'Sullivan, C.",RB,28,5,82,52,0,24,0,LV,1,0.071,80
170,8,87,60,82,14,4.1,64,14,17,81,3,3,13,13,"Noble, L.",86,453,3,296,"Noble, L.",QB,3,5,65,52,0,25,0,LV,1,0.071,58
171,1,15,93,15,337,4.2,86,14,75,75,1,1,7,20,"Taylor, O.",96,351,40,397,"Taylor, O.",RB,36,6,100,70,0,24,5,BAL,7,0.5,1402
172,1,95,72,94,20,7.2,70,14,15,95,1,1,7,61,"Blocksdale, A.",100,351,1,397,"Blocksdale, A.",QB,1,6,74,64,0,23,1,BAL,7,0.5,144
173,1,1,70,1,1,3.0,71,14,80,67,1,1,7,3,"Wachter, J.",80,351,24,397,"Wachter, J.",WR,24,6,85,62,0,24,0,BAL,7,0.5,3
174,1,1,75,1,2,1.5,63,14,74,46,1,1,7,3,"Stormblessed, N.",76,351,16,397,"Stormblessed, N.",WR,16,6,95,31,0,26,0,BAL,7,0.5,3
175,2,1,72,1,4,0.5,70,14,80,64,1,1,6,1,"McPoyal, G.",85,339,36,385,"McPoyal, G.",TE,36,6,80,71,1,29,0,YKW,7,0.536,2
176,2,17,78,17,102,3.8,79,14,73,71,3,3,6,21,"Nuck, B.",83,339,31,385,"Nuck, B.",RB,24,6,93,48,1,24,3,YKW,7,0.536,390
177,2,15,95,15,185,4.0,82,14,88,74,1,1,6,13,"Kennedy, E.",95,339,50,385,"Kennedy, E.",RB,40,6,90,70,1,36,9,YKW,7,0.536,744
178,2,90,89,90,115,5.4,74,14,35,90,1,1,6,66,"Akselsen, M.",99,339,1,385,"Akselsen, M.",QB,1,6,90,60,1,27,8,YKW,7,0.536,617
179,3,1,60,15,77,3.5,70,14,40,53,1,1,14,12,"Joyce, S.",68,541,42,197,"Joyce, S.",RB,54,6,75,76,0,20,2,COL,0,0.0,270
180,3,82,81,81,182,3.2,57,14,15,82,1,1,14,49,"Pierno, N.",87,541,1,197,"Pierno, N.",QB,1,6,83,32,0,15,2,COL,0,0.0,588
181,3,15,94,15,261,4.1,99,14,72,74,1,1,14,32,"Tweed, B.",97,541,40,197,"Tweed, B.",RB,40,6,100,70,0,41,4,COL,0,0.0,1059
182,4,1,51,1,11,1.1,75,14,26,70,1,1,6,2,"Asipi Jr., A.",82,374,1,336,"Asipi Jr., A.",DE,2,6,80,86,0,66,0,AZ,8,0.5710000000000001,12
183,4,15,88,15,255,4.2,77,14,70,40,1,1,6,38,"Mackworthy, R.",89,374,22,336,"Mackworthy, R.",RB,22,6,100,70,0,20,8,AZ,8,0.5710000000000001,1078
184,4,15,71,15,47,3.9,70,14,42,30,1,1,6,17,"Wright, O.",73,374,22,336,"Wright, O.",RB,22,6,93,63,0,22,2,AZ,8,0.5710000000000001,185
185,4,90,80,90,23,6.1,60,14,15,88,1,1,6,28,"Bronko, K.",95,374,1,336,"Bronko, K.",QB,1,6,75,70,0,15,0,AZ,8,0.5710000000000001,141
186,5,15,58,15,241,4.2,70,14,49,30,1,1,3,17,"Burnsman, E.",66,254,20,471,"Burnsman, E.",RB,20,6,94,40,0,20,10,OCO,11,0.7859999999999999,1006
187,5,15,84,15,56,4.5,85,14,75,52,1,1,3,12,"Yates, J.",90,254,24,471,"Yates, J.",RB,24,6,100,70,0,20,2,OCO,11,0.7859999999999999,252
188,5,15,64,15,2,1.5,70,14,75,50,1,1,3,3,"Petrakis, A.",84,254,60,471,"Petrakis, A.",FB,60,6,75,75,0,20,0,OCO,11,0.7859999999999999,3
189,5,95,63,95,13,4.6,73,14,20,95,1,1,3,18,"Boss, M.",98,254,3,471,"Boss, M.",QB,3,6,65,52,0,21,0,OCO,11,0.7859999999999999,60
190,6,91,71,91,15,3.4,74,14,15,91,1,1,3,16,"Orosz, C.",95,302,1,386,"Orosz, C.",QB,1,6,66,52,0,15,0,SJS,11,0.7859999999999999,51
191,6,1,53,1,1,0.0,65,14,70,45,1,1,3,0,"Bottles, B.",64,302,42,386,"Bottles, B.",TE,42,6,66,45,0,25,0,SJS,11,0.7859999999999999,0
192,6,15,80,15,166,2.6,70,14,47,36,1,1,3,11,"Diaz, D.",75,302,25,386,"Diaz, D.",RB,25,6,80,77,0,20,6,SJS,11,0.7859999999999999,439
193,6,1,88,1,162,4.4,80,14,75,66,1,1,3,18,"Smallwood, D.",94,302,40,386,"Smallwood, D.",RB,40,6,100,70,0,36,10,SJS,11,0.7859999999999999,720
194,7,1,80,15,221,4.2,70,14,40,30,1,1,5,36,"Kroetch, D.",77,313,20,440,"Kroetch, D.",RB,20,6,96,65,0,20,14,PHI,9,0.643,922
195,7,90,80,92,15,3.7,72,14,35,95,1,1,5,27,"Oles, T.",98,313,17,440,"Oles, T.",QB,17,6,75,54,0,30,0,PHI,9,0.643,55
196,7,15,70,15,67,3.7,71,14,58,50,1,1,5,11,"O'Connell, K.",75,313,39,440,"O'Connell, K.",RB,33,6,80,74,0,22,3,PHI,9,0.643,251
197,8,15,70,15,31,3.4,70,14,74,49,1,1,11,10,"O'Sullivan, C.",75,377,33,239,"O'Sullivan, C.",RB,28,6,82,52,1,24,0,NO,2,0.179,104
198,8,83,53,84,27,1.7,65,14,15,85,1,1,11,18,"Maximus III, B.",84,377,1,239,"Maximus III, B.",QB,1,6,51,51,1,19,1,NO,2,0.179,45
199,8,15,88,15,355,3.6,71,14,70,44,1,1,11,17,"Savea, A.",88,377,31,239,"Savea, A.",RB,31,6,91,80,1,26,6,NO,2,0.179,1276
200,1,15,95,15,304,4.3,95,14,75,75,1,1,7,18,"Taylor, O.",97,333,40,405,"Taylor, O.",RB,40,7,100,70,0,28,8,BAL,7,0.5,1306
201,1,1,70,1,1,2.0,71,14,80,67,1,1,7,2,"Wachter, J.",80,333,24,405,"Wachter, J.",WR,24,7,85,62,0,24,0,BAL,7,0.5,2
202,1,95,80,95,15,3.2,83,14,35,95,1,1,7,13,"Blocksdale, A.",100,333,1,405,"Blocksdale, A.",QB,1,7,75,70,0,23,1,BAL,7,0.5,48
203,2,1,70,1,2,4.0,65,14,81,50,1,1,1,5,"Harris Jr., F.",82,272,56,468,"Harris Jr., F.",FB,56,7,85,75,0,30,0,YKW,13,0.929,8
204,2,15,80,15,258,3.7,70,14,56,51,1,1,1,13,"Rainey, R.",83,272,20,468,"Rainey, R.",RB,25,7,90,83,0,20,8,YKW,13,0.929,951
205,2,15,50,15,46,2.5,70,14,40,45,1,1,1,9,"Milan, C.",63,272,53,468,"Milan, C.",RB,50,7,70,80,0,20,5,YKW,13,0.929,116
206,2,90,90,90,138,6.9,92,14,35,90,1,1,1,80,"Akselsen, M.",100,272,1,468,"Akselsen, M.",QB,1,7,90,60,0,35,16,YKW,13,0.929,959
207,3,85,50,85,29,-1.3,40,14,15,85,1,1,14,3,"(R) Applehort, R.",83,501,1,137,"(R) Applehort, R.",QB,1,7,50,35,0,15,1,COL,0,0.0,-38
208,3,1,56,1,4,0.5,65,14,80,50,1,1,14,2,"O'Sullivan, S.",78,501,52,137,"O'Sullivan, S.",TE,52,7,73,68,0,30,0,COL,0,0.0,2
209,3,17,78,17,168,3.9,79,14,73,71,3,3,14,18,"Nuck, B.",83,501,31,137,"Nuck, B.",RB,24,7,93,48,0,24,3,COL,0,0.0,651
210,3,1,60,15,139,3.9,70,14,40,53,1,1,14,12,"Joyce, S.",68,501,42,137,"Joyce, S.",RB,54,7,75,76,0,20,1,COL,0,0.0,536
211,4,1,60,1,4,1.8,66,14,80,51,1,1,9,2,"Booter, F.",74,433,24,357,"Booter, F.",WR,42,7,80,65,0,20,0,AZ,5,0.35700000000000004,7
212,4,90,80,92,19,4.6,60,14,15,95,1,1,9,22,"Bronko, K.",98,433,1,357,"Bronko, K.",QB,1,7,75,70,0,15,0,AZ,5,0.35700000000000004,88
213,4,15,90,15,256,3.9,78,14,70,40,1,1,9,32,"Mackworthy, R.",91,433,22,357,"Mackworthy, R.",RB,22,7,100,75,0,20,7,AZ,5,0.35700000000000004,1002
214,4,15,71,15,144,4.3,70,14,42,30,1,1,9,22,"Wright, O.",73,433,22,357,"Wright, O.",RB,22,7,93,63,0,22,6,AZ,5,0.35700000000000004,621
215,5,95,66,95,12,1.7,73,14,20,95,1,1,2,12,"Boss, M.",99,274,3,461,"Boss, M.",QB,3,7,67,52,0,21,0,OCO,12,0.857,20
216,5,15,84,15,9,2.2,85,14,75,52,1,1,2,9,"Yates, J.",55,274,24,461,"Yates, J.",FB,24,7,100,70,0,20,2,OCO,12,0.857,20
217,5,15,58,15,268,4.1,70,14,49,30,1,1,2,15,"Burnsman, E.",66,274,20,461,"Burnsman, E.",RB,20,7,94,40,0,20,11,OCO,12,0.857,1110
218,5,1,90,1,2,1.0,88,14,89,60,1,1,2,1,"Phelps, R.",91,274,22,461,"Phelps, R.",WR,22,7,90,70,0,22,0,OCO,12,0.857,2
219,6,15,80,15,114,3.7,70,14,47,36,1,1,9,15,"Diaz, D.",75,380,25,304,"Diaz, D.",RB,25,7,80,77,0,20,5,SJS,5,0.35700000000000004,425
220,6,91,71,91,10,1.5,74,14,15,91,1,1,9,5,"Orosz, C.",95,380,1,304,"Orosz, C.",QB,1,7,66,52,0,15,0,SJS,5,0.35700000000000004,15
221,6,1,90,1,190,3.9,87,14,75,75,1,1,9,16,"Smallwood, D.",95,380,40,304,"Smallwood, D.",RB,40,7,100,70,0,36,7,SJS,5,0.35700000000000004,734
222,7,15,83,15,72,4.6,70,14,65,60,1,1,4,15,"Bush, C.",82,303,25,426,"Bush, C.",RB,25,7,90,58,0,20,3,PHI,10,0.7140000000000001,330
223,7,90,80,100,12,6.7,75,14,35,95,1,1,4,39,"Oles, T.",100,303,17,426,"Oles, T.",QB,17,7,75,70,0,30,0,PHI,10,0.7140000000000001,80
224,7,15,80,15,218,4.5,70,14,40,30,1,1,4,19,"Kroetch, D.",77,303,20,426,"Kroetch, D.",RB,20,7,98,65,0,20,5,PHI,10,0.7140000000000001,973
225,8,15,70,15,5,5.6,70,14,74,49,1,1,10,9,"O'Sullivan, C.",75,366,33,304,"O'Sullivan, C.",RB,28,7,82,52,0,24,0,NO,4,0.28600000000000003,28
226,8,90,53,88,11,2.0,65,14,15,90,1,1,10,11,"Maximus III, B.",90,366,1,304,"Maximus III, B.",QB,1,7,51,54,0,19,0,NO,4,0.28600000000000003,22
227,8,15,89,15,284,3.8,71,14,70,61,1,1,10,17,"Savea, A.",92,366,31,304,"Savea, A.",RB,31,7,95,80,0,26,14,NO,4,0.28600000000000003,1070
228,1,15,95,17,313,4.0,100,14,75,75,1,1,7,15,"Taylor, O.",98,329,40,403,"Taylor, O.",RB,40,8,100,70,0,50,15,BAL,7,0.5,1263
229,1,95,80,95,16,4.1,93,14,35,95,1,1,7,23,"Blocksdale, A.",100,329,1,403,"Blocksdale, A.",QB,1,8,75,70,0,31,0,BAL,7,0.5,65
230,1,1,85,1,3,1.7,80,14,82,48,1,1,7,3,"Browning, B.",87,329,26,403,"Browning, B.",WR,26,8,100,50,0,20,0,BAL,7,0.5,5
231,2,15,77,15,67,3.0,71,8,66,50,1,1,3,16,"Gore, B.",78,286,24,446,"Gore, B.",RB,29,8,81,71,0,24,5,YKW,11,0.7859999999999999,201
232,2,15,50,15,6,5.0,70,14,40,45,1,1,3,16,"Milan, C.",63,286,53,446,"Milan, C.",RB,50,8,70,80,0,20,0,YKW,11,0.7859999999999999,30
233,2,1,70,1,24,1.5,65,14,81,50,1,1,3,9,"Harris Jr., F.",87,286,56,446,"Harris Jr., F.",TE,56,8,85,75,0,30,0,YKW,11,0.7859999999999999,37
234,2,15,80,15,231,3.8,80,14,56,51,1,1,3,22,"Rainey, R.",84,286,20,446,"Rainey, R.",RB,25,8,90,85,0,20,18,YKW,11,0.7859999999999999,879
235,2,90,90,90,111,3.6,86,14,35,90,1,1,3,39,"Akselsen, M.",99,286,1,446,"Akselsen, M.",QB,1,8,90,60,0,15,6,YKW,11,0.7859999999999999,405
236,3,87,60,87,25,1.6,70,14,15,89,1,1,8,10,"Applehort, R.",90,338,1,240,"Applehort, R.",QB,1,8,60,43,0,15,1,COL,6,0.429,41
237,3,15,75,15,227,3.5,80,14,71,30,1,1,8,13,"(R) Grau, M.",80,338,20,240,"(R) Grau, M.",RB,20,8,98,50,0,20,4,COL,6,0.429,799
238,3,15,80,15,162,4.1,70,14,40,30,1,1,8,15,"Kroetch, D.",77,338,20,240,"Kroetch, D.",RB,20,8,98,65,0,20,5,COL,6,0.429,663
239,3,1,60,15,27,3.7,70,14,40,53,1,1,8,9,"Joyce, S.",68,338,42,240,"Joyce, S.",RB,54,8,75,76,0,20,1,COL,6,0.429,99
240,4,90,1,90,16,3.8,60,14,15,93,1,1,9,18,"Bronko, K.",89,379,1,338,"Bronko, K.",QB,1,8,75,70,0,15,1,AZ,5,0.35700000000000004,60
241,4,15,85,15,358,4.1,79,14,70,30,1,1,9,19,"Mackworthy, R.",88,379,20,338,"Mackworthy, R.",RB,20,8,100,75,0,20,8,AZ,5,0.35700000000000004,1461
242,5,15,58,15,69,4.4,70,14,49,30,1,1,4,15,"Burnsman, E.",66,289,20,432,"Burnsman, E.",RB,20,8,94,40,0,20,7,OCO,10,0.7140000000000001,307
243,5,15,84,15,202,4.3,90,14,75,52,1,1,4,19,"Yates, J.",55,289,24,432,"Yates, J.",FB,24,8,100,70,0,20,6,OCO,10,0.7140000000000001,873
244,5,95,50,95,12,1.2,70,14,20,90,1,1,4,6,"Boss, M.",94,289,1,432,"Boss, M.",QB,1,8,50,50,0,20,0,OCO,10,0.7140000000000001,15
245,6,1,74,15,29,2.3,65,14,65,40,1,1,13,9,"(R) Riddick, D.",71,553,25,191,"(R) Riddick, D.",RB,20,8,80,50,0,15,1,SJS,1,0.071,68
246,6,15,80,15,293,3.1,70,14,47,36,1,1,13,12,"Diaz, D.",75,553,25,191,"Diaz, D.",RB,25,8,80,77,0,20,6,SJS,1,0.071,900
247,6,84,60,84,18,0.0,70,14,15,84,1,1,13,4,"(R) Pennington, B.",85,553,1,191,"(R) Pennington, B.",QB,1,8,49,54,0,15,0,SJS,1,0.071,0
248,7,15,74,15,69,4.2,73,7,52,34,1,1,7,14,"Farlane, D.",71,373,24,387,"Farlane, D.",RB,24,8,90,44,0,24,4,PHI,7,0.5,292
249,7,15,70,15,17,4.0,70,14,58,40,1,1,7,9,"O'Connell, K.",72,373,39,387,"O'Connell, K.",RB,33,8,75,74,0,21,1,PHI,7,0.5,68
250,7,90,80,100,13,5.2,87,14,35,95,1,1,7,23,"Oles, T.",100,373,17,387,"Oles, T.",QB,17,8,75,70,0,30,1,PHI,7,0.5,67
251,7,15,90,15,88,4.4,70,14,80,64,1,1,7,22,"Bush, C.",55,373,25,387,"Bush, C.",FB,25,8,90,62,0,20,3,PHI,7,0.5,387
252,8,1,90,1,314,4.5,91,14,75,75,1,1,5,89,"Smallwood, D.",96,303,40,413,"Smallwood, D.",RB,40,8,100,70,0,36,16,NO,9,0.643,1421
253,8,15,70,15,4,4.5,70,8,74,49,1,1,5,9,"O'Sullivan, C.",75,303,33,413,"O'Sullivan, C.",RB,28,8,82,52,0,24,0,NO,9,0.643,18
254,8,93,63,91,11,1.2,75,14,15,91,1,1,5,5,"Maximus III, B.",95,303,1,413,"Maximus III, B.",QB,1,8,65,50,0,15,0,NO,9,0.643,13
255,8,15,70,15,55,4.3,75,8,73,71,1,1,5,37,"Nuck, B.",80,303,22,413,"Nuck, B.",RB,24,8,93,48,0,20,1,NO,9,0.643,235
256,1,1,80,1,1,2.0,80,14,85,73,1,1,3,2,"L'Alto, V.",97,240,50,473,"L'Alto, V.",TE,51,9,85,86,0,25,1,BAL,11,0.7859999999999999,2
257,1,15,95,15,329,4.2,97,14,75,75,1,4,3,22,"Taylor, O.",97,240,40,473,"Taylor, O.",RB,28,9,100,70,0,28,23,BAL,11,0.7859999999999999,1385
258,1,95,80,95,8,3.5,85,14,30,95,1,1,3,21,"Blocksdale, A.",100,240,1,473,"Blocksdale, A.",QB,1,9,75,70,0,15,0,BAL,11,0.7859999999999999,28
259,1,15,70,15,32,5.1,70,13,73,54,1,1,3,34,"Nuck, B.",76,240,20,473,"Nuck, B.",RB,20,9,92,40,0,20,6,BAL,11,0.7859999999999999,163
260,2,15,84,15,274,3.7,80,14,60,51,1,1,7,14,"Rainey, R.",87,316,20,380,"Rainey, R.",RB,25,9,90,90,0,20,12,YKW,7,0.5,1024
261,2,90,88,89,88,6.4,77,14,35,90,1,1,7,79,"Akselsen, M.",98,316,1,380,"Akselsen, M.",QB,1,9,90,55,0,15,2,YKW,7,0.5,562
262,2,15,77,15,108,3.9,71,14,66,50,1,1,7,13,"Gore, B.",78,316,24,380,"Gore, B.",RB,29,9,81,71,0,24,8,YKW,7,0.5,421
263,2,15,50,15,3,1.7,70,14,40,45,1,1,7,5,"Milan, C.",63,316,53,380,"Milan, C.",RB,50,9,70,80,0,20,0,YKW,7,0.5,5
264,3,90,70,91,11,3.5,70,14,15,92,1,1,6,22,"Applehort, R.",95,347,1,333,"Applehort, R.",QB,1,9,70,57,0,15,0,COL,8,0.5710000000000001,39
265,3,15,75,15,119,4.5,80,14,71,30,1,1,6,16,"Grau, M.",80,347,20,333,"Grau, M.",RB,20,9,98,50,0,20,1,COL,8,0.5710000000000001,536
266,3,15,72,15,130,3.9,70,14,40,30,1,1,6,16,"Kroetch, D.",70,347,20,333,"Kroetch, D.",RB,20,9,98,40,0,20,6,COL,8,0.5710000000000001,509
267,3,15,65,15,28,4.4,70,14,40,38,1,1,6,10,"Cox, J.",70,347,20,333,"Cox, J.",RB,25,9,84,76,0,50,3,COL,8,0.5710000000000001,123
268,4,15,85,15,368,4.1,75,14,61,30,1,1,11,26,"Mackworthy, R.",84,433,20,219,"Mackworthy, R.",RB,20,9,95,75,0,20,4,AZ,3,0.214,1497
269,4,82,73,80,22,3.2,70,14,15,82,1,1,11,21,"(R) Fitzpatrick, K.",86,433,1,219,"(R) Fitzpatrick, K.",QB,1,9,66,58,0,15,0,AZ,3,0.214,70
270,4,1,60,1,2,-0.5,66,14,80,51,1,1,11,0,"Booter, F.",42,433,24,219,"Booter, F.",WR,42,9,1,65,0,20,0,AZ,3,0.214,-1
271,5,1,85,1,6,1.3,95,14,55,85,1,1,5,3,"Winchester, A.",98,293,1,445,"Winchester, A.",LB,25,9,85,85,0,95,0,OCO,9,0.643,8
272,5,90,50,90,9,-0.3,67,14,20,88,1,1,5,3,"Boss, M.",90,293,1,445,"Boss, M.",QB,1,9,50,50,0,20,0,OCO,9,0.643,-3
273,5,15,75,15,235,4.4,85,14,75,64,1,1,5,33,"Yates, J.",89,293,20,445,"Yates, J.",RB,20,9,100,70,0,20,12,OCO,9,0.643,1033
274,6,15,75,15,338,3.7,70,14,47,36,1,1,12,17,"Diaz, D.",72,475,25,184,"Diaz, D.",RB,25,9,80,73,0,20,2,SJS,2,0.14300000000000002,1261
275,6,89,62,88,15,1.8,70,14,15,88,1,1,12,6,"Pennington, B.",90,475,1,184,"Pennington, B.",QB,1,9,51,58,0,15,1,SJS,2,0.14300000000000002,27
276,6,1,74,15,107,3.8,65,14,65,40,1,1,12,16,"(R) Riddick, D.",71,475,25,184,"(R) Riddick, D.",RB,20,9,80,50,0,15,2,SJS,2,0.14300000000000002,410
277,7,15,65,15,9,4.8,71,14,53,43,1,1,10,12,"Nyquist, W.",69,481,27,218,"Nyquist, W.",RB,27,9,80,61,0,22,0,PHI,4,0.28600000000000003,43
278,7,15,72,15,304,4.2,73,14,51,30,1,1,10,19,"Farlane, D.",69,481,20,218,"Farlane, D.",RB,20,9,90,40,0,20,8,PHI,4,0.28600000000000003,1264
279,7,82,46,81,9,-0.1,64,14,15,81,1,1,10,4,"Noble, L.",80,481,1,218,"Noble, L.",QB,1,9,40,45,0,15,0,PHI,4,0.28600000000000003,-1
280,7,15,70,15,53,3.9,70,14,74,49,1,1,10,11,"O'Sullivan, C.",75,481,33,218,"O'Sullivan, C.",RB,28,9,82,52,0,24,0,PHI,4,0.28600000000000003,209
281,8,1,88,1,369,4.2,92,14,75,70,1,1,2,22,"Smallwood, D.",94,197,20,530,"Smallwood, D.",RB,20,9,100,70,0,20,27,NO,12,0.857,1534
282,8,1,70,1,6,1.3,80,14,85,78,1,1,2,3,"Savea, A.",95,197,38,530,"Savea, A.",TE,65,9,85,85,0,30,0,NO,12,0.857,8
283,8,15,50,15,1,5.0,65,9,40,30,1,1,2,5,"Runner2, Z.",48,197,20,530,"Runner2, Z.",RB,20,9,55,50,0,20,0,NO,12,0.857,5
284,8,95,67,93,33,4.2,80,14,22,94,1,1,2,24,"Maximus III, B.",99,197,1,530,"Maximus III, B.",QB,1,9,75,54,0,15,1,NO,12,0.857,140
285,1,95,77,95,27,8.0,73,14,33,95,1,1,1,67,"Blocksdale, A.",100,273,1,486,"Blocksdale, A.",QB,1,10,75,70,0,15,2,BAL,13,0.929,216
286,1,15,95,15,378,4.5,90,14,75,75,1,1,1,21,"Taylor, O.",97,273,40,486,"Taylor, O.",RB,39,10,100,70,0,31,23,BAL,13,0.929,1713
287,1,1,65,1,2,1.0,74,14,80,69,1,1,1,2,"(R) Harp, D.",91,273,50,486,"(R) Harp, D.",TE,55,10,85,85,0,25,0,BAL,13,0.929,2
288,2,90,75,90,14,3.8,73,14,15,90,1,1,6,13,"Pennington, B.",95,319,1,373,"Pennington, B.",QB,1,10,65,70,0,15,1,YKW,8,0.5710000000000001,53
289,2,1,68,1,1,1.0,65,14,80,50,1,1,6,1,"Harris Jr., F.",86,319,50,373,"Harris Jr., F.",TE,50,10,85,75,0,30,0,YKW,8,0.5710000000000001,1
290,2,15,84,15,260,4.0,80,14,60,51,1,1,6,14,"Rainey, R.",87,319,20,373,"Rainey, R.",RB,25,10,90,90,0,20,10,YKW,8,0.5710000000000001,1041
291,2,15,77,15,72,4.1,71,14,66,50,1,1,6,14,"Gore, B.",78,319,24,373,"Gore, B.",RB,29,10,81,71,0,24,1,YKW,8,0.5710000000000001,298
292,3,94,70,94,12,4.5,70,14,32,95,1,1,5,15,"Applehort, R.",99,286,1,403,"Applehort, R.",QB,1,10,71,62,0,15,0,COL,9,0.643,54
293,3,1,60,15,1,4.0,70,8,40,53,1,1,5,4,"Joyce, S.",68,286,42,403,"Joyce, S.",RB,54,10,75,76,0,20,0,COL,9,0.643,4
294,3,15,69,15,23,5.0,70,6,40,30,1,1,5,11,"Kroetch, D.",67,286,20,403,"Kroetch, D.",RB,20,10,93,40,0,20,1,COL,9,0.643,116
295,3,15,70,15,242,4.3,72,14,70,50,1,1,5,38,"Grau, M.",83,286,58,403,"Grau, M.",RB,58,10,85,85,0,20,6,COL,9,0.643,1031
296,3,15,65,15,1,10.0,71,8,53,43,1,1,5,10,"Nyquist, W.",69,286,27,403,"Nyquist, W.",RB,27,10,80,61,0,22,0,COL,9,0.643,10
297,4,90,70,83,38,3.8,70,14,28,90,1,1,10,24,"Fitzpatrick, K.",93,349,1,293,"Fitzpatrick, K.",QB,1,10,73,50,0,15,1,AZ,4,0.28600000000000003,144
298,4,1,60,1,1,1.0,70,14,81,51,1,1,10,1,"Booter, F.",75,349,24,293,"Booter, F.",WR,42,10,80,70,0,20,0,AZ,4,0.28600000000000003,1
299,4,15,80,15,371,4.0,72,14,50,30,1,1,10,18,"Mackworthy, R.",80,349,20,293,"Mackworthy, R.",RB,20,10,95,73,0,20,11,AZ,4,0.28600000000000003,1494
300,5,1,85,1,2,1.5,91,14,55,85,1,1,7,3,"Winchester, A.",96,299,1,247,"Winchester, A.",LB,25,10,85,85,0,92,0,OCO,7,0.5,3
301,5,15,75,15,302,3.9,70,14,70,70,1,1,7,20,"(R) Adams, R.",86,299,43,247,"(R) Adams, R.",RB,25,10,90,78,0,20,10,OCO,7,0.5,1188
302,5,92,60,85,34,2.9,70,14,15,87,1,1,7,23,"(R) Showbiz, G.",91,299,1,247,"(R) Showbiz, G.",QB,1,10,60,57,0,15,0,OCO,7,0.5,99
303,5,15,54,15,20,3.0,72,14,75,45,1,1,7,6,"(R) Zephyrous, S.",65,299,44,247,"(R) Zephyrous, S.",FB,30,10,80,82,0,20,0,OCO,7,0.5,59
304,6,90,82,90,46,2.8,76,14,30,80,1,1,10,19,"Akselsen, M.",94,447,1,258,"Akselsen, M.",QB,1,10,81,53,0,15,1,SJS,4,0.28600000000000003,129
305,6,1,74,15,22,3.8,65,14,65,40,1,1,10,8,"Riddick, D.",71,447,25,258,"Riddick, D.",RB,20,10,80,50,0,15,0,SJS,4,0.28600000000000003,84
306,6,15,75,15,272,4.4,72,14,40,40,1,1,10,70,"(R) Lagerfield, E.",68,447,20,258,"(R) Lagerfield, E.",RB,20,10,88,40,0,20,6,SJS,4,0.28600000000000003,1195
307,7,1,56,1,4,1.0,65,14,80,50,1,1,14,1,"O'Sullivan, S.",78,475,52,162,"O'Sullivan, S.",TE,52,10,73,68,0,30,0,PHI,0,0.0,4
308,7,15,77,15,451,4.2,86,14,60,30,1,1,14,18,"(R) Brown, M.",77,475,20,162,"(R) Brown, M.",RB,20,10,100,40,0,20,7,PHI,0,0.0,1902
309,7,15,70,15,89,4.6,70,14,74,49,1,1,14,20,"O'Sullivan, C.",75,475,33,162,"O'Sullivan, C.",RB,28,10,82,52,0,24,3,PHI,0,0.0,405
310,7,80,45,80,15,1.1,50,14,15,80,1,1,14,9,"Noble, L.",78,475,1,162,"Noble, L.",QB,1,10,40,40,0,15,0,PHI,0,0.0,16
311,8,1,75,1,7,4.6,85,14,80,75,1,1,3,11,"DiMirio, P.",93,279,50,505,"DiMirio, P.",TE,50,10,90,77,0,25,1,NO,11,0.7859999999999999,32
312,8,95,71,95,58,4.5,88,14,34,95,1,1,3,32,"Maximus III, B.",100,279,1,505,"Maximus III, B.",QB,1,10,75,58,0,15,2,NO,11,0.7859999999999999,260
313,8,15,70,15,268,4.5,92,14,75,47,1,1,3,29,"Smallwood, D.",82,279,20,505,"Smallwood, D.",RB,20,10,100,50,0,20,15,NO,11,0.7859999999999999,1211
314,8,1,67,1,1,1.0,70,14,80,70,1,1,3,1,"Savea, A.",91,279,37,505,"Savea, A.",TE,65,10,85,85,0,30,0,NO,11,0.7859999999999999,1
315,1,95,75,95,41,6.9,83,14,35,95,1,1,5,76,"Applehort, R.",100,336,1,413,"Applehort, R.",QB,1,11,75,65,0,15,2,BAL,9,0.643,281
316,1,15,90,15,333,4.5,89,14,75,71,1,1,5,18,"Taylor, O.",94,336,30,413,"Taylor, O.",RB,20,11,100,70,0,20,17,BAL,9,0.643,1511
317,1,15,50,15,1,1.0,65,3,40,30,1,1,5,1,"RunMachine4, Z.",48,336,20,413,"RunMachine4, Z.",RB,20,11,55,50,0,20,0,BAL,9,0.643,1
318,2,15,60,15,236,4.2,70,14,60,50,1,1,10,38,"(R) Carrasco, T.",69,413,20,336,"(R) Carrasco, T.",RB,20,11,84,49,0,20,6,YKW,4,0.28600000000000003,1001
319,2,15,75,15,164,5.5,70,14,75,55,1,1,10,26,"(R) Summer, A.",82,413,20,336,"(R) Summer, A.",RB,20,11,94,55,0,20,5,YKW,4,0.28600000000000003,897
320,2,15,77,15,8,3.4,71,14,66,50,1,1,10,11,"Gore, B.",78,413,24,336,"Gore, B.",RB,29,11,81,71,0,24,1,YKW,4,0.28600000000000003,27
321,2,90,75,90,7,2.6,73,14,15,90,1,1,10,12,"Pennington, B.",95,413,1,336,"Pennington, B.",QB,1,11,65,70,0,15,0,YKW,4,0.28600000000000003,18
322,3,15,65,15,181,3.9,70,14,40,30,1,1,6,30,"(R) Cansino, D.",71,417,20,422,"(R) Cansino, D.",RB,25,11,90,70,0,20,14,COL,8,0.5710000000000001,707
323,3,15,70,15,130,3.9,72,14,70,50,1,1,6,37,"Grau, M.",83,417,58,422,"Grau, M.",RB,58,11,85,85,0,20,4,COL,8,0.5710000000000001,512
324,3,15,65,15,2,6.5,71,14,53,43,1,1,6,7,"Nyquist, W.",69,417,27,422,"Nyquist, W.",RB,27,11,80,61,0,22,0,COL,8,0.5710000000000001,13
325,3,95,73,95,14,1.6,90,14,17,95,1,1,6,6,"McCormick, M.",100,417,1,422,"McCormick, M.",QB,1,11,65,65,0,15,0,COL,8,0.5710000000000001,23
326,4,90,78,90,53,3.5,73,14,35,90,1,1,8,25,"Fitzpatrick, K.",96,381,1,376,"Fitzpatrick, K.",QB,1,11,80,54,0,15,0,AZ,6,0.429,185
327,4,15,70,15,311,4.1,70,14,47,30,1,1,8,19,"Mackworthy, R.",74,381,20,376,"Mackworthy, R.",RB,20,11,92,70,0,20,9,AZ,6,0.429,1281
328,4,15,70,15,12,4.3,71,7,65,35,1,1,8,10,"(R) Strike, L.",71,381,20,376,"(R) Strike, L.",RB,20,11,86,46,0,20,2,AZ,6,0.429,52
329,5,15,58,15,179,4.7,80,14,85,60,1,1,4,17,"Adams, R.",55,331,25,394,"Adams, R.",FB,25,11,95,60,0,20,5,OCO,10,0.7140000000000001,845
330,5,15,56,15,158,4.0,73,14,75,45,1,1,4,25,"Zephyrous, S.",69,331,51,394,"Zephyrous, S.",FB,30,11,80,90,0,20,5,OCO,10,0.7140000000000001,639
331,5,1,95,1,2,1.0,100,14,75,80,1,1,4,2,"Broxton, J.",98,331,25,394,"Broxton, J.",FS,25,11,100,70,0,75,1,OCO,10,0.7140000000000001,2
332,5,94,60,90,14,3.6,70,14,25,90,1,1,4,20,"Showbiz, G.",95,331,1,394,"Showbiz, G.",QB,1,11,70,61,0,15,0,OCO,10,0.7140000000000001,50
333,6,15,60,15,74,4.1,72,14,70,56,1,1,13,12,"(R) Orosz, C.",52,411,23,228,"(R) Orosz, C.",FB,25,11,82,81,0,20,3,SJS,1,0.071,300
334,6,15,59,15,343,4.4,79,14,53,38,1,1,13,17,"(R) Canton, J.",73,411,24,228,"(R) Canton, J.",RB,24,11,98,53,0,28,11,SJS,1,0.071,1513
335,6,1,74,15,8,2.8,65,14,65,40,1,1,13,5,"Riddick, D.",71,411,25,228,"Riddick, D.",RB,20,11,80,50,0,15,0,SJS,1,0.071,22
336,6,90,56,85,17,1.5,70,14,15,91,1,1,13,6,"(R) Christ, J.",90,411,1,228,"(R) Christ, J.",QB,1,11,56,54,0,15,1,SJS,1,0.071,26
337,7,15,81,15,365,4.3,90,14,75,30,1,1,7,20,"Brown, M.",85,313,20,309,"Brown, M.",RB,20,11,100,57,0,20,15,PHI,7,0.5,1571
338,7,15,71,15,17,3.8,72,14,60,56,1,1,7,11,"(R) Hondo, A.",91,313,60,309,"(R) Hondo, A.",FB,76,11,80,90,0,20,0,PHI,7,0.5,65
339,7,15,70,15,43,5.0,70,13,74,49,1,1,7,12,"O'Sullivan, C.",75,313,33,309,"O'Sullivan, C.",RB,28,11,82,52,0,24,1,PHI,7,0.5,217
340,7,87,60,87,16,3.1,80,14,15,89,1,1,7,11,"(R) Falconi, A.",91,313,1,309,"(R) Falconi, A.",QB,1,11,60,60,0,15,1,PHI,7,0.5,50
341,8,95,73,95,55,7.5,100,14,35,95,1,1,3,53,"Maximus III, B.",100,340,1,464,"Maximus III, B.",QB,1,11,75,64,0,15,1,NO,11,0.7859999999999999,411
342,8,15,67,15,331,4.1,88,14,70,40,1,1,3,20,"Smallwood, D.",77,340,20,464,"Smallwood, D.",RB,20,11,95,50,0,20,19,NO,11,0.7859999999999999,1363
343,1,91,73,93,26,3.5,78,14,15,93,1,1,6,23,"Gambino, C.",98,297,1,454,"Gambino, C.",QB,1,12,74,58,0,35,0,BAL,8,0.5710000000000001,90
344,1,15,75,15,228,5.0,70,14,75,55,1,1,6,36,"Summer, A.",84,297,20,454,"Summer, A.",RB,20,12,99,55,0,20,10,BAL,8,0.5710000000000001,1132
345,1,1,79,1,1,1.0,80,14,90,80,1,1,6,1,"Harp, D.",99,297,50,454,"Harp, D.",TE,55,12,85,85,0,25,0,BAL,8,0.5710000000000001,1
346,1,15,87,15,188,4.2,70,14,75,50,1,1,6,14,"Taylor, O.",86,297,20,454,"Taylor, O.",RB,20,12,95,61,0,20,16,BAL,8,0.5710000000000001,791
347,2,15,60,15,75,5.3,70,14,60,50,1,1,11,14,"Carrasco, T.",70,429,20,287,"Carrasco, T.",RB,20,12,87,49,0,20,2,YKW,3,0.214,397
348,2,95,76,95,14,2.7,94,14,35,95,1,1,11,24,"Applehort, R.",100,429,1,287,"Applehort, R.",QB,1,12,75,70,0,15,0,YKW,3,0.214,38
349,2,1,46,1,2,0.5,69,14,71,50,1,1,11,1,"Pitcher, A.",69,429,30,287,"Pitcher, A.",TE,30,12,78,55,0,25,0,YKW,3,0.214,1
350,2,15,70,15,287,4.2,80,14,80,60,1,1,11,14,"(R) Wizardry, D.",84,429,25,287,"(R) Wizardry, D.",RB,25,12,90,70,0,20,11,YKW,3,0.214,1198
351,3,15,70,15,42,4.1,72,14,70,50,1,1,8,14,"Grau, M.",83,495,58,356,"Grau, M.",RB,58,12,85,85,0,20,0,COL,6,0.429,173
352,3,15,65,15,163,4.1,70,14,40,30,1,1,8,17,"Cansino, D.",73,495,20,356,"Cansino, D.",RB,25,12,90,80,0,20,4,COL,6,0.429,675
353,3,95,80,95,94,5.9,95,14,35,95,1,1,8,70,"McCormick, M.",100,495,1,356,"McCormick, M.",QB,1,12,75,70,0,15,4,COL,6,0.429,555
354,3,15,70,15,52,3.5,71,14,65,35,1,1,8,13,"Strike, L.",71,495,20,356,"Strike, L.",RB,20,12,86,46,0,20,2,COL,6,0.429,180
355,4,15,55,15,180,4.4,71,14,85,54,1,1,7,17,"(R) Asipi III, A.",54,349,25,326,"(R) Asipi III, A.",FB,25,12,91,63,0,20,4,AZ,7,0.5,790
356,4,1,65,1,4,1.2,70,14,80,62,1,1,7,2,"(R) Moore, S.",83,349,39,326,"(R) Moore, S.",TE,50,12,82,68,0,30,0,AZ,7,0.5,5
357,4,94,80,90,17,0.8,80,14,35,94,1,1,7,5,"Fitzpatrick, K.",100,349,1,326,"Fitzpatrick, K.",QB,1,12,80,63,0,15,0,AZ,7,0.5,13
358,4,15,56,15,225,4.6,70,14,71,51,1,1,7,24,"(R) Shady, S.",76,349,20,326,"(R) Shady, S.",RB,20,12,98,54,0,20,4,AZ,7,0.5,1038
359,5,95,65,93,14,3.6,70,14,25,95,1,1,3,23,"Showbiz, G.",99,267,1,383,"Showbiz, G.",QB,1,12,73,61,0,15,1,OCO,11,0.7859999999999999,51
360,5,15,70,15,161,5.2,83,14,85,75,1,1,3,47,"Adams, R.",57,267,25,383,"Adams, R.",FB,25,12,95,60,0,20,9,OCO,11,0.7859999999999999,842
361,5,15,60,15,121,4.6,70,14,80,53,1,1,3,29,"Zephyrous, S.",82,267,31,383,"Zephyrous, S.",RB,50,12,88,80,0,20,2,OCO,11,0.7859999999999999,551
362,6,15,56,15,285,4.7,85,14,67,30,1,1,4,41,"Canton, J.",77,250,24,355,"Canton, J.",RB,24,12,100,64,0,20,10,SJS,10,0.7140000000000001,1352
363,6,90,70,93,16,2.0,70,14,15,91,1,1,4,9,"Christ, J.",96,250,1,355,"Christ, J.",QB,1,12,70,60,0,15,0,SJS,10,0.7140000000000001,32
364,6,15,60,15,137,4.1,73,14,70,60,1,1,4,16,"Orosz, C.",82,250,32,355,"Orosz, C.",RB,25,12,90,85,0,20,3,SJS,10,0.7140000000000001,567
365,7,90,60,90,24,4.4,85,14,15,90,1,1,7,30,"Falconi, A.",94,382,1,361,"Falconi, A.",QB,1,12,64,64,0,15,0,PHI,7,0.5,106
366,7,1,90,1,25,3.6,80,14,70,70,1,1,7,12,"Hondo, A.",93,382,1,361,"Hondo, A.",CB,1,12,95,70,0,64,1,PHI,7,0.5,91
367,7,1,87,1,2,2.0,82,14,99,78,1,1,7,4,"Bush, C.",94,382,20,361,"Bush, C.",WR,20,12,90,74,0,20,0,PHI,7,0.5,4
368,7,15,70,15,174,4.6,70,14,40,35,1,1,7,19,"(R) Flores, R.",66,382,20,361,"(R) Flores, R.",RB,20,12,81,55,0,20,2,PHI,7,0.5,804
369,7,15,93,15,374,4.2,91,14,75,30,1,1,7,34,"Brown, M.",91,382,20,361,"Brown, M.",RB,20,12,100,70,0,20,15,PHI,7,0.5,1555
370,8,95,80,95,65,5.0,100,14,35,95,1,1,10,30,"Maximus III, B.",100,399,25,346,"Maximus III, B.",QB,25,12,75,70,0,35,3,NO,4,0.28600000000000003,325
371,8,15,77,15,188,3.7,71,14,66,50,1,1,10,17,"Gore, B.",78,399,24,346,"Gore, B.",RB,29,12,81,71,0,24,11,NO,4,0.28600000000000003,693
372,1,15,87,15,3,6.3,70,6,75,50,1,1,10,9,"Taylor, O.",86,363,20,323,"Taylor, O.",RB,20,13,95,61,0,20,0,BAL,4,0.28600000000000003,19
373,1,1,78,1,4,1.2,80,14,81,70,1,1,10,4,"Nagasawa, Y.",81,363,10,323,"Nagasawa, Y.",WR,10,13,95,30,0,20,0,BAL,4,0.28600000000000003,5
374,1,20,55,15,102,4.6,20,8,15,20,1,1,10,34,"Trevor, C.",59,363,40,323,"Trevor, C.",RB,92,13,100,40,0,75,3,BAL,4,0.28600000000000003,471
375,1,95,73,93,10,5.4,78,14,15,95,1,1,10,20,"Gambino, C.",100,363,1,323,"Gambino, C.",QB,1,13,74,58,0,35,0,BAL,4,0.28600000000000003,54
376,2,15,60,15,99,4.6,70,14,60,50,1,1,10,17,"Carrasco, T.",70,457,20,342,"Carrasco, T.",RB,20,13,88,49,0,20,6,YKW,4,0.28600000000000003,453
377,2,95,80,95,10,4.1,100,14,35,95,1,1,10,15,"Applehort, R.",100,457,25,342,"Applehort, R.",QB,25,13,75,70,0,35,0,YKW,4,0.28600000000000003,41
378,2,15,75,15,253,4.1,90,14,81,60,1,1,10,14,"Wizardry, D.",86,457,25,342,"Wizardry, D.",RB,25,13,90,72,0,20,8,YKW,4,0.28600000000000003,1042
379,3,15,70,15,167,4.1,72,14,70,50,1,1,6,13,"Grau, M.",83,349,58,417,"Grau, M.",RB,58,13,85,85,0,20,10,COL,8,0.5710000000000001,689
380,3,15,65,15,151,4.4,75,14,40,30,1,1,6,46,"Cansino, D.",73,349,20,417,"Cansino, D.",RB,25,13,90,80,0,20,6,COL,8,0.5710000000000001,671
381,3,95,80,95,51,7.1,89,14,35,95,1,1,6,49,"McCormick, M.",100,349,1,417,"McCormick, M.",QB,1,13,75,70,0,15,5,COL,8,0.5710000000000001,360
382,4,93,80,90,15,2.4,80,14,34,94,1,1,9,17,"Fitzpatrick, K.",100,410,1,338,"Fitzpatrick, K.",QB,1,13,81,66,0,15,0,AZ,5,0.35700000000000004,36
383,4,1,65,1,2,1.5,70,14,80,65,1,1,9,2,"Moore, S.",85,410,45,338,"Moore, S.",TE,50,13,82,70,0,30,0,AZ,5,0.35700000000000004,3
384,4,15,70,15,383,4.1,72,14,71,51,1,1,9,15,"Shady, S.",82,410,20,338,"Shady, S.",RB,20,13,100,59,0,20,14,AZ,5,0.35700000000000004,1571
385,5,15,60,15,137,4.0,75,14,83,54,1,1,5,14,"Zephyrous, S.",83,329,32,363,"Zephyrous, S.",RB,52,13,88,80,0,20,7,OCO,9,0.643,549
386,5,15,80,15,136,5.4,84,14,85,75,1,1,5,19,"Adams, R.",59,329,25,363,"Adams, R.",FB,25,13,95,72,0,20,5,OCO,9,0.643,737
387,5,95,75,95,13,4.9,75,14,25,95,1,1,5,17,"Showbiz, G.",100,329,1,363,"Showbiz, G.",QB,1,13,75,61,0,15,0,OCO,9,0.643,64
388,6,15,74,15,297,4.6,86,14,70,30,1,1,2,19,"Canton, J.",84,276,24,419,"Canton, J.",RB,24,13,100,70,0,20,11,SJS,12,0.857,1356
389,6,90,70,97,22,2.5,78,14,15,92,1,1,2,14,"Christ, J.",98,276,1,419,"Christ, J.",QB,1,13,70,60,0,15,1,SJS,12,0.857,56
390,6,15,60,15,165,4.3,80,14,72,60,1,1,2,20,"Orosz, C.",83,276,43,419,"Orosz, C.",RB,36,13,90,85,0,20,6,SJS,12,0.857,714
391,7,92,60,91,16,2.2,85,14,15,95,1,1,6,9,"Falconi, A.",97,377,1,413,"Falconi, A.",QB,1,13,68,68,0,15,0,PHI,8,0.5710000000000001,36
392,7,1,87,1,1,2.0,65,14,95,78,1,1,6,2,"Bush, C.",91,377,20,413,"Bush, C.",WR,20,13,90,71,0,20,0,PHI,8,0.5710000000000001,2
393,7,15,70,15,129,4.0,73,14,65,35,1,1,6,14,"Strike, L.",41,377,20,413,"Strike, L.",FB,20,13,86,46,0,20,6,PHI,8,0.5710000000000001,520
394,7,15,95,15,318,4.7,95,14,75,60,1,1,6,23,"Brown, M.",95,377,20,413,"Brown, M.",RB,20,13,100,70,0,20,15,PHI,8,0.5710000000000001,1510
395,8,95,66,95,47,3.9,100,14,35,95,1,1,8,25,"Maximus III, B.",100,397,1,343,"Maximus III, B.",QB,1,13,76,50,0,15,1,NO,6,0.429,184
396,8,20,55,15,120,4.1,77,14,71,20,1,1,8,14,"Swift, T.",88,397,56,343,"Swift, T.",FB,92,13,99,40,0,75,3,NO,6,0.429,497
397,8,15,75,15,12,3.2,70,14,65,30,1,1,8,6,"Gore, B.",75,397,20,343,"Gore, B.",RB,25,13,81,71,0,20,0,NO,6,0.429,38
398,8,15,79,15,118,3.8,80,14,40,30,1,1,8,20,"Danielsson, A.",73,397,20,343,"Danielsson, A.",RB,20,13,100,40,0,20,7,NO,6,0.429,453
399,1,15,95,15,368,4.3,99,14,75,64,1,1,3,22,"Brown, M.",96,310,28,448,"Brown, M.",RB,20,14,100,70,0,20,16,BAL,11,0.7859999999999999,1578
400,1,20,55,15,11,4.7,20,14,15,20,1,1,3,17,"Trevor, C.",59,310,40,448,"Trevor, C.",RB,92,14,100,40,0,75,2,BAL,11,0.7859999999999999,52
401,1,95,76,95,36,6.0,90,14,15,95,1,1,3,41,"Gambino, C.",100,310,1,448,"Gambino, C.",QB,1,14,75,58,0,35,1,BAL,11,0.7859999999999999,215
402,1,1,79,1,3,0.7,80,14,90,80,1,1,3,2,"Harp, D.",99,310,50,448,"Harp, D.",TE,55,14,87,85,0,25,0,BAL,11,0.7859999999999999,2
403,2,15,60,15,94,4.5,82,14,60,50,1,1,8,15,"Carrasco, T.",71,326,20,310,"Carrasco, T.",RB,20,14,88,49,0,20,3,YKW,6,0.429,424
404,2,15,80,15,292,4.6,90,14,83,65,1,1,8,25,"Wizardry, D.",92,326,25,310,"Wizardry, D.",RB,25,14,95,77,0,20,8,YKW,6,0.429,1354
405,2,1,49,1,2,4.0,65,14,72,50,1,1,8,7,"Pitcher, A.",53,326,30,310,"Pitcher, A.",FB,30,14,85,53,0,25,0,YKW,6,0.429,8
406,2,95,80,95,9,3.6,99,14,15,95,1,1,8,13,"Applehort, R.",100,326,1,310,"Applehort, R.",QB,1,14,75,70,0,15,0,YKW,6,0.429,32
407,3,15,72,15,160,3.7,79,14,53,40,1,1,10,21,"Cansino, D.",79,442,20,368,"Cansino, D.",RB,25,14,90,80,0,20,6,COL,4,0.28600000000000003,591
408,3,15,70,15,43,5.4,72,14,70,50,1,1,10,13,"Grau, M.",61,442,22,368,"Grau, M.",FB,46,14,85,83,0,20,1,COL,4,0.28600000000000003,233
409,3,95,70,95,75,4.0,82,14,35,95,1,1,10,30,"McCormick, M.",100,442,1,368,"McCormick, M.",QB,1,14,75,70,0,15,2,COL,4,0.28600000000000003,301
410,4,1,50,1,21,0.2,60,14,20,55,1,1,12,2,"Goomba (R), M.",67,523,63,224,"Goomba (R), M.",T,70,14,50,80,0,35,0,AZ,2,0.14300000000000002,5
411,4,93,80,85,9,6.0,82,14,35,90,1,1,12,26,"Reese, A.",97,523,1,224,"Reese, A.",QB,1,14,75,70,0,34,0,AZ,2,0.14300000000000002,54
412,4,15,70,15,41,5.0,65,14,65,30,1,1,12,17,"Gore, B.",72,523,20,224,"Gore, B.",RB,25,14,81,65,0,20,2,AZ,2,0.14300000000000002,205
413,4,15,78,15,395,4.0,80,14,72,51,1,1,12,26,"Shady, S.",88,523,20,224,"Shady, S.",RB,20,14,100,70,0,20,5,AZ,2,0.14300000000000002,1581
414,5,15,60,15,128,4.7,70,14,83,53,1,1,3,43,"Zephyrous, S.",82,281,31,441,"Zephyrous, S.",RB,50,14,88,80,0,20,9,OCO,11,0.7859999999999999,605
415,5,15,80,15,148,4.8,84,14,85,75,1,1,3,53,"Adams, R.",60,281,25,441,"Adams, R.",FB,25,14,95,77,0,20,7,OCO,11,0.7859999999999999,710
416,5,95,80,95,15,5.7,84,14,25,95,1,1,3,24,"Showbiz, G.",100,281,1,441,"Showbiz, G.",QB,1,14,75,61,0,15,1,OCO,11,0.7859999999999999,86
417,6,15,60,15,169,4.6,80,14,72,60,1,1,5,41,"Orosz, C.",83,233,43,392,"Orosz, C.",RB,36,14,90,85,0,20,6,SJS,9,0.643,773
418,6,90,70,100,147,5.5,82,14,15,92,1,1,5,41,"Christ, J.",99,233,1,392,"Christ, J.",QB,1,14,74,60,0,15,6,SJS,9,0.643,814
419,6,15,81,15,194,4.9,93,14,75,38,1,1,5,69,"Canton, J.",89,233,24,392,"Canton, J.",RB,24,14,100,70,0,28,6,SJS,9,0.643,950
420,7,15,58,15,186,4.2,76,14,40,30,1,10,5,22,"(R) Boija, F.",37,331,20,337,"(R) Boija, F.",FB,20,14,95,50,0,20,5,PHI,9,0.643,781
421,7,95,72,95,16,2.4,87,14,15,95,1,1,5,10,"Falconi, A.",100,331,1,337,"Falconi, A.",QB,1,14,68,70,0,15,0,PHI,9,0.643,38
422,7,15,60,15,134,4.3,70,14,45,30,1,1,5,24,"Davenport, C.",36,331,20,337,"Davenport, C.",FB,20,14,91,40,0,20,2,PHI,9,0.643,576
423,7,1,50,1,5,0.4,64,14,20,60,1,1,5,2,"McCargue, B.",70,331,77,337,"McCargue, B.",T,50,14,40,87,0,35,0,PHI,9,0.643,2
424,8,90,66,95,90,6.5,90,14,35,90,1,1,10,44,"Maximus III, B.",97,405,1,331,"Maximus III, B.",QB,1,14,75,50,0,15,7,NO,4,0.28600000000000003,582
425,8,15,79,15,254,4.0,80,14,40,30,1,1,10,32,"Danielsson, A.",73,405,20,331,"Danielsson, A.",RB,20,14,100,40,0,20,8,NO,4,0.28600000000000003,1012
426,1,15,95,15,350,4.5,100,14,75,75,1,1,2,15,"Brown, M.",97,297,40,520,"Brown, M.",RB,20,15,100,70,0,20,14,BAL,12,0.857,1577
427,1,15,87,15,2,7.5,70,10,75,50,1,1,2,8,"Taylor, O.",86,297,20,520,"Taylor, O.",RB,20,15,95,61,0,20,0,BAL,12,0.857,15
428,1,95,70,95,11,3.7,80,14,15,93,1,1,2,15,"Gambino, C.",99,297,1,520,"Gambino, C.",QB,1,15,70,50,0,16,1,BAL,12,0.857,41
429,1,1,79,1,5,0.4,80,14,90,80,1,1,2,1,"Harp, D.",99,297,50,520,"Harp, D.",TE,55,15,87,85,0,25,0,BAL,12,0.857,2
430,2,90,52,90,17,4.0,60,14,25,90,1,1,7,18,"Bigsby, C.",91,305,1,358,"Bigsby, C.",QB,1,15,60,58,0,15,1,YKW,7,0.5,68
431,2,15,82,15,98,5.4,98,14,75,38,1,1,7,39,"Canton, J.",60,305,36,358,"Canton, J.",FB,24,15,100,70,0,36,5,YKW,7,0.5,532
432,2,15,85,15,104,4.3,91,14,85,70,1,1,7,14,"Wizardry, D.",95,305,25,358,"Wizardry, D.",RB,25,15,95,80,0,20,3,YKW,7,0.5,450
433,2,1,70,15,191,4.3,80,14,85,50,1,1,7,16,"Marshall, M.",81,305,30,358,"Marshall, M.",RB,20,15,90,54,0,20,8,YKW,7,0.5,812
434,3,15,72,15,167,4.1,75,14,77,50,1,1,12,16,"Taffy, T.",81,474,25,258,"Taffy, T.",RB,20,15,90,65,0,1,6,COL,2,0.14300000000000002,693
435,3,15,60,15,4,4.5,72,14,70,50,1,1,12,7,"Grau, M.",61,474,25,258,"Grau, M.",FB,45,15,81,80,0,20,0,COL,2,0.14300000000000002,18
436,3,93,56,93,18,2.4,60,14,17,93,1,1,12,10,"McCormick, M.",95,474,1,258,"McCormick, M.",QB,1,15,66,56,0,15,1,COL,2,0.14300000000000002,43
437,3,15,80,15,187,4.3,80,14,53,40,1,1,12,13,"Cansino, D.",81,474,20,258,"Cansino, D.",RB,25,15,90,80,0,20,2,COL,2,0.14300000000000002,804
438,4,1,65,1,1,9.0,70,14,80,65,1,1,8,9,"Moore, S.",75,373,45,351,"Moore, S.",FB,50,15,82,70,0,30,0,AZ,6,0.429,9
439,4,15,83,15,133,4.9,84,14,85,75,1,1,8,19,"Adams, R.",60,373,25,351,"Adams, R.",FB,25,15,95,79,0,20,2,AZ,6,0.429,658
440,4,15,80,15,267,4.1,80,14,74,63,1,1,8,21,"Shady, S.",90,373,20,351,"Shady, S.",RB,20,15,100,70,0,20,7,AZ,6,0.429,1092
441,4,95,80,91,17,4.6,84,14,35,93,1,1,8,20,"Reese, A.",100,373,1,351,"Reese, A.",QB,1,15,75,70,0,15,2,AZ,6,0.429,78
442,5,1,60,1,1,0.0,65,14,75,50,1,1,6,0,"McPoyal, G.",79,299,30,351,"McPoyal, G.",TE,30,15,82,70,0,25,0,OCO,8,0.5710000000000001,0
443,5,15,60,15,78,5.8,70,14,83,53,1,1,6,26,"Zephyrous, S.",69,299,31,351,"Zephyrous, S.",FB,50,15,88,80,0,20,3,OCO,8,0.5710000000000001,453
444,5,15,70,15,230,4.0,74,14,50,45,1,1,6,14,"Reed, A.",71,299,20,351,"Reed, A.",RB,20,15,93,40,0,20,9,OCO,8,0.5710000000000001,926
445,5,95,80,95,15,8.6,90,14,25,95,1,1,6,22,"Showbiz, G.",100,299,1,351,"Showbiz, G.",QB,1,15,75,61,0,15,1,OCO,8,0.5710000000000001,129
446,6,15,60,15,181,4.3,80,14,72,60,1,1,3,15,"Orosz, C.",83,265,43,326,"Orosz, C.",RB,36,15,90,85,0,20,8,SJS,11,0.7859999999999999,772
447,6,15,60,15,140,4.0,70,14,45,30,1,1,3,16,"Davenport, C.",65,265,20,326,"Davenport, C.",RB,20,15,91,40,0,20,5,SJS,11,0.7859999999999999,564
448,6,90,75,100,123,5.3,84,14,20,95,1,1,3,28,"Christ, J.",100,265,1,326,"Christ, J.",QB,1,15,75,60,0,15,6,SJS,11,0.7859999999999999,656
449,7,95,79,95,29,6.7,90,14,15,95,1,1,6,84,"Falconi, A.",100,309,1,340,"Falconi, A.",QB,1,15,75,70,0,15,1,PHI,8,0.5710000000000001,194
450,7,15,70,15,66,4.0,70,14,71,40,1,1,6,17,"Hank (R), F.",75,309,30,340,"Hank (R), F.",RB,20,15,89,51,0,20,4,PHI,8,0.5710000000000001,267
451,7,15,72,15,277,4.3,80,14,70,70,1,1,6,23,"Jones, V.",85,309,25,340,"Jones, V.",RB,25,15,94,70,0,20,9,PHI,8,0.5710000000000001,1195
452,7,1,46,1,6,1.8,60,13,20,60,1,1,6,8,"Polk, J.",74,309,50,340,"Polk, J.",G,85,15,57,80,0,35,0,PHI,8,0.5710000000000001,11
453,7,15,58,15,25,3.9,77,14,40,30,1,10,6,11,"Boija, F.",67,309,20,340,"Boija, F.",RB,20,15,96,50,0,20,1,PHI,8,0.5710000000000001,97
454,8,1,65,29,13,4.7,87,4,67,60,1,1,12,13,"Rosario, L.",78,465,36,283,"Rosario, L.",RB,20,15,90,58,0,25,1,NO,2,0.14300000000000002,61
455,8,20,77,15,256,4.6,81,14,75,30,1,1,12,67,"Swift, T.",48,465,20,283,"Swift, T.",FB,20,15,100,70,0,20,3,NO,2,0.14300000000000002,1167
456,8,15,79,15,164,4.5,80,14,40,30,1,1,12,16,"Danielsson, A.",73,465,20,283,"Danielsson, A.",RB,20,15,100,40,0,20,7,NO,2,0.14300000000000002,735
457,8,90,66,86,14,5.8,80,14,35,85,1,1,12,17,"Maximus III, B.",92,465,1,283,"Maximus III, B.",QB,1,15,74,50,0,15,2,NO,2,0.14300000000000002,81
458,1,1,80,1,4,1.8,90,13,85,80,1,1,6,3,"L'Alto, V.",100,268,60,324,"L'Alto, V.",TE,75,16,85,90,0,50,0,BAL,7,0.5379999999999999,7
459,1,15,70,15,108,4.3,78,13,54,30,1,1,6,17,"Jimbo (R), D.",75,268,30,324,"Jimbo (R), D.",RB,20,16,100,48,0,20,4,BAL,7,0.5379999999999999,467
460,1,15,90,15,260,4.5,99,13,75,60,1,1,6,18,"Brown, M.",94,268,24,324,"Brown, M.",RB,20,16,100,70,0,20,13,BAL,7,0.5379999999999999,1172
461,1,94,60,90,10,10.7,65,13,15,95,1,1,6,61,"Havran (R), C.",97,268,1,324,"Havran (R), C.",QB,1,16,72,62,0,15,1,BAL,7,0.5379999999999999,107
462,2,90,52,93,17,5.6,65,13,25,95,1,1,3,20,"Bigsby, C.",95,312,1,418,"Bigsby, C.",QB,1,16,74,62,0,15,0,YKW,10,0.769,96
463,2,1,72,15,133,4.6,87,13,90,50,1,1,3,20,"Marshall, M.",56,312,30,418,"Marshall, M.",FB,20,16,90,58,0,20,7,YKW,10,0.769,614
464,2,1,65,1,2,1.5,65,13,80,60,1,1,3,2,"Pennington, B.",81,312,10,418,"Pennington, B.",WR,10,16,97,57,0,20,1,YKW,10,0.769,3
465,2,15,82,15,128,4.5,98,13,75,38,1,1,3,15,"Canton, J.",60,312,36,418,"Canton, J.",FB,24,16,100,70,0,36,4,YKW,10,0.769,580
466,3,15,60,15,88,4.0,82,13,60,50,1,1,12,18,"Carrasco, T.",71,424,20,208,"Carrasco, T.",RB,20,16,88,49,0,20,4,COL,1,0.077,349
467,3,15,60,15,12,5.2,70,13,70,44,1,1,12,11,"Grau, M.",49,424,25,208,"Grau, M.",FB,20,16,75,80,0,20,0,COL,1,0.077,62
468,3,15,79,15,317,3.9,80,13,80,50,1,1,12,18,"Taffy, T.",85,424,25,208,"Taffy, T.",RB,20,16,90,70,0,1,5,COL,1,0.077,1221
469,3,85,59,85,16,1.7,60,13,15,84,1,1,12,10,"McDummy (R), W.",86,424,1,208,"McDummy (R), W.",QB,1,16,54,48,0,15,0,COL,1,0.077,27
470,4,95,80,95,22,4.5,92,13,35,95,1,1,6,22,"Reese, A.",100,273,1,297,"Reese, A.",QB,1,16,75,70,0,15,2,AZ,7,0.5379999999999999,98
471,4,15,80,15,213,4.4,80,13,74,63,1,1,6,16,"Shady, S.",90,273,20,297,"Shady, S.",RB,20,16,100,70,0,20,5,AZ,7,0.5379999999999999,932
472,4,1,70,1,8,0.6,73,13,58,50,1,1,6,2,"Mughes, H.",80,273,1,297,"Mughes, H.",CB,1,16,100,60,0,45,0,AZ,7,0.5379999999999999,5
473,4,15,60,15,34,4.8,70,13,83,53,1,1,6,16,"Zephyrous, S.",69,273,31,297,"Zephyrous, S.",FB,50,16,88,80,0,20,1,AZ,7,0.5379999999999999,164
474,4,15,65,15,137,4.2,80,13,80,55,1,1,6,18,"Murphy, J.",48,273,25,297,"Murphy, J.",FB,20,16,90,40,0,20,4,AZ,7,0.5379999999999999,582
475,5,1,52,1,8,3.6,70,13,80,54,1,1,3,10,"Pitcher, A.",56,244,30,417,"Pitcher, A.",FB,30,16,85,57,0,25,0,OCO,10,0.769,29
476,5,95,72,95,12,2.5,80,13,25,95,1,1,3,12,"Showbiz, G.",100,244,1,417,"Showbiz, G.",QB,1,16,75,57,0,15,1,OCO,10,0.769,30
477,5,15,70,15,224,4.2,80,13,57,45,1,1,3,14,"Reed, A.",76,244,20,417,"Reed, A.",RB,20,16,100,40,0,20,11,OCO,10,0.769,935
478,6,15,81,15,68,4.9,70,13,75,50,1,1,6,28,"Bigby (R), L.",83,311,20,337,"Bigby (R), L.",RB,20,16,91,60,0,20,1,SJS,7,0.5379999999999999,333
479,6,90,75,100,127,6.4,85,13,22,95,1,1,6,72,"Christ, J.",100,311,1,337,"Christ, J.",QB,1,16,75,60,0,15,5,SJS,7,0.5379999999999999,810
480,6,15,60,15,148,3.9,80,13,72,60,1,1,6,15,"Orosz, C.",83,311,43,337,"Orosz, C.",RB,36,16,90,85,0,20,5,SJS,7,0.5379999999999999,581
481,6,15,60,15,93,4.5,70,13,45,30,1,1,6,19,"Davenport, C.",65,311,20,337,"Davenport, C.",RB,20,16,91,40,0,20,2,SJS,7,0.5379999999999999,417
482,7,15,70,15,140,4.2,80,13,75,40,1,1,6,15,"Hank, F.",53,306,30,397,"Hank, F.",FB,20,16,90,70,0,20,3,PHI,7,0.5379999999999999,587
483,7,15,58,15,57,4.5,77,13,40,30,1,10,6,33,"Boija, F.",37,306,20,397,"Boija, F.",FB,20,16,96,50,0,20,7,PHI,7,0.5379999999999999,258
484,7,15,80,15,148,4.1,80,13,80,72,1,1,6,19,"Jones, V.",59,306,25,397,"Jones, V.",FB,25,16,95,77,0,20,2,PHI,7,0.5379999999999999,612
485,7,95,80,95,19,4.6,96,13,34,95,1,1,6,16,"Falconi, A.",100,306,1,397,"Falconi, A.",QB,1,16,75,70,0,15,0,PHI,7,0.5379999999999999,88
486,8,89,62,84,57,5.2,60,13,15,90,1,1,7,28,"Francisco, S.",92,381,1,309,"Francisco, S.",QB,1,16,75,60,0,15,3,NO,6,0.462,294
487,8,20,77,15,213,4.6,81,13,75,30,1,1,7,18,"Swift, T.",48,381,20,309,"Swift, T.",FB,20,16,100,70,0,20,9,NO,6,0.462,976
488,8,15,65,15,261,4.2,86,13,75,31,1,1,7,20,"Gump (R), F.",83,381,20,309,"Gump (R), F.",RB,20,16,100,70,0,20,8,NO,6,0.462,1097
489,9,15,80,15,347,4.2,79,13,58,35,1,1,3,17,"Torenson (R), S.",82,257,25,307,"Torenson (R), S.",RB,25,16,95,70,0,20,9,CHI,10,0.769,1458
490,9,15,79,15,119,4.5,80,13,40,30,1,1,3,22,"Danielsson, A.",73,257,20,307,"Danielsson, A.",RB,20,16,100,40,0,20,2,CHI,10,0.769,531
491,9,90,70,90,21,4.7,80,13,15,83,1,1,3,27,"Jenkins (R), R.",93,257,1,307,"Jenkins (R), R.",QB,1,16,72,61,0,15,0,CHI,10,0.769,98
492,10,15,75,15,112,4.1,70,13,77,50,1,1,13,17,"Mendonca (R), M.",49,424,25,186,"Mendonca (R), M.",FB,20,16,90,50,0,20,3,AUS,0,0.0,454
493,10,82,1,81,15,1.1,60,13,15,86,1,1,13,6,"Cole (R), E.",79,424,1,186,"Cole (R), E.",QB,1,16,60,60,0,15,0,AUS,0,0.0,16
494,10,1,78,1,305,4.1,99,13,56,70,1,1,13,20,"Wizardry, D.",97,424,1,186,"Wizardry, D.",DT,1,16,80,89,0,90,9,AUS,0,0.0,1259
495,10,1,70,1,1,1.0,80,13,90,40,1,1,13,1,"Hardwick, S.",85,424,10,186,"Hardwick, S.",WR,10,16,98,65,0,20,0,AUS,0,0.0,1
496,1,15,80,15,37,4.7,80,13,81,72,1,1,5,12,"Jones, V.",93,305,25,343,"Jones, V.",RB,50,17,95,80,0,20,1,BAL,8,0.615,173
497,1,95,70,95,18,2.8,72,13,23,95,1,1,5,17,"Havran, C.",100,305,1,343,"Havran, C.",QB,1,17,75,70,0,15,1,BAL,8,0.615,50
498,1,15,70,15,243,4.9,87,13,65,30,1,1,5,15,"Jimbo, D.",80,305,30,343,"Jimbo, D.",RB,20,17,100,61,0,20,2,BAL,8,0.615,1181
499,1,1,85,1,6,1.3,75,13,50,50,1,1,5,2,"Pancakes, P.",80,305,73,343,"Pancakes, P.",G,72,17,85,90,0,35,0,BAL,8,0.615,8
500,1,1,82,1,7,0.7,80,13,20,70,1,1,5,4,"Jeremy, R.",92,305,83,343,"Jeremy, R.",T,83,17,74,100,0,35,0,BAL,8,0.615,5
501,2,1,92,1,3,1.7,94,13,90,80,1,1,5,3,"Swift, N.",95,267,10,361,"Swift, N.",WR,10,17,95,70,0,20,0,YKW,8,0.615,5
502,2,90,70,100,15,7.5,70,13,35,95,1,1,5,21,"Bigsby, C.",100,267,1,361,"Bigsby, C.",QB,1,17,75,70,0,15,0,YKW,8,0.615,113
503,2,15,73,15,199,4.2,97,13,90,50,1,1,5,13,"Marshall, M.",57,267,30,361,"Marshall, M.",FB,20,17,90,62,0,20,9,YKW,8,0.615,834
504,2,15,92,15,71,3.9,99,13,75,38,1,1,5,13,"Canton, J.",61,267,36,361,"Canton, J.",FB,26,17,100,70,0,44,0,YKW,8,0.615,276
505,3,15,60,15,59,4.5,82,13,60,50,1,1,8,13,"Carrasco, T.",71,364,20,230,"Carrasco, T.",RB,20,17,88,49,0,20,6,COL,5,0.385,263
506,3,1,51,1,8,0.8,71,13,81,50,1,1,8,2,"Crindy, B.",76,364,30,230,"Crindy, B.",TE,30,17,80,60,0,25,0,COL,5,0.385,6
507,3,90,63,90,17,1.5,60,13,15,90,1,1,8,9,"McDummy, W.",92,364,1,230,"McDummy, W.",QB,1,17,54,53,0,15,0,COL,5,0.385,26
508,3,15,83,15,292,4.0,80,13,81,60,1,1,8,18,"Taffy, T.",88,364,25,230,"Taffy, T.",RB,20,17,90,70,0,20,7,COL,5,0.385,1154
509,4,15,80,15,222,4.7,80,13,74,63,1,1,4,18,"Shady, S.",90,268,20,394,"Shady, S.",RB,20,17,100,70,0,20,10,AZ,9,0.6920000000000001,1047
510,4,95,80,95,19,6.7,100,13,35,95,1,1,4,35,"Reese, A.",100,268,1,394,"Reese, A.",QB,25,17,75,70,0,35,1,AZ,9,0.6920000000000001,128
511,4,15,65,15,39,3.4,82,13,80,54,1,1,4,12,"Murphy, J.",48,268,25,394,"Murphy, J.",FB,20,17,90,40,0,20,3,AZ,9,0.6920000000000001,131
512,4,15,60,15,17,5.3,70,13,70,50,1,1,4,14,"Zephyrous, S.",79,268,31,394,"Zephyrous, S.",RB,50,17,86,80,0,20,1,AZ,9,0.6920000000000001,90
513,5,1,80,1,8,3.5,90,13,80,80,1,1,6,6,"Blaze, J.",60,275,25,361,"Blaze, J.",FB,25,17,90,84,0,25,0,OCO,7,0.5379999999999999,28
514,5,1,52,1,7,5.1,70,13,80,54,1,1,6,11,"Pitcher, A.",56,275,30,361,"Pitcher, A.",FB,30,17,85,57,0,25,2,OCO,7,0.5379999999999999,36
515,5,15,55,15,123,4.3,75,13,40,30,1,1,6,16,"Trevor, C.",63,275,20,361,"Trevor, C.",RB,20,17,92,40,0,20,4,OCO,7,0.5379999999999999,523
516,5,91,55,90,7,0.9,70,13,15,92,1,1,6,4,"Armstrong (R), F.",95,275,1,361,"Armstrong (R), F.",QB,1,17,79,64,0,15,1,OCO,7,0.5379999999999999,6
517,5,15,72,15,283,4.4,89,13,64,45,1,1,6,25,"Reed, A.",78,275,20,361,"Reed, A.",RB,20,17,100,40,0,20,11,OCO,7,0.5379999999999999,1246
518,6,15,58,15,32,5.0,77,13,40,30,1,10,7,21,"Boija, F.",67,332,20,280,"Boija, F.",RB,20,17,96,50,0,20,2,SJS,6,0.462,159
519,6,15,81,15,124,4.0,70,13,75,50,1,1,7,19,"Bigby, L.",84,332,20,280,"Bigby, L.",RB,20,17,93,60,0,20,4,SJS,6,0.462,501
520,6,90,70,99,98,3.4,81,13,16,93,1,1,7,17,"Christ, J.",99,332,1,280,"Christ, J.",QB,1,17,70,60,0,15,2,SJS,6,0.462,338
521,6,15,55,15,77,4.4,80,13,55,60,1,1,7,16,"Orosz, C.",77,332,43,280,"Orosz, C.",RB,25,17,88,83,0,20,0,SJS,6,0.462,341
522,7,15,70,15,102,4.2,86,13,80,40,1,1,8,12,"Hank, F.",82,388,30,298,"Hank, F.",RB,20,17,90,70,0,20,3,PHI,5,0.385,426
523,7,15,88,15,215,4.2,92,13,75,30,1,1,8,17,"Brown, M.",90,388,24,298,"Brown, M.",RB,20,17,100,70,0,20,5,PHI,5,0.385,897
524,7,95,72,95,13,4.8,90,13,15,95,1,1,8,21,"Falconi, A.",100,388,1,298,"Falconi, A.",QB,1,17,67,52,0,15,1,PHI,5,0.385,63
525,8,15,77,15,145,4.4,81,13,75,30,1,1,9,15,"Swift, T.",48,367,20,313,"Swift, T.",FB,20,17,100,70,0,20,9,NO,4,0.308,636
526,8,15,65,15,270,4.0,100,13,75,31,1,1,9,19,"Gump, F.",84,367,30,313,"Gump, F.",RB,26,17,100,70,0,20,10,NO,4,0.308,1082
527,8,95,50,90,19,3.3,60,13,15,91,1,1,9,20,"Francisco, S.",95,367,1,313,"Francisco, S.",QB,1,17,75,60,0,15,0,NO,4,0.308,63
528,9,15,90,15,334,4.4,81,13,62,35,1,1,5,21,"Torenson (R), S.",88,268,25,336,"Torenson (R), S.",RB,25,17,95,80,0,20,10,CHI,8,0.615,1478
529,9,15,79,15,194,4.5,80,13,40,30,1,1,5,16,"Danielsson, A.",73,268,20,336,"Danielsson, A.",RB,20,17,100,40,0,20,8,CHI,8,0.615,868
530,9,90,70,90,20,4.2,80,13,15,93,1,1,5,15,"Jenkins, R.",97,268,1,336,"Jenkins, R.",QB,1,17,75,61,0,15,0,CHI,8,0.615,84
531,9,1,70,1,3,1.3,77,13,80,70,1,1,5,3,"Harp, D.",90,268,34,336,"Harp, D.",TE,40,17,85,80,0,25,0,CHI,8,0.615,4
532,10,87,55,86,25,4.6,60,13,15,90,1,1,8,24,"Cole, E.",90,343,1,261,"Cole, E.",QB,1,17,64,64,0,15,0,AUS,5,0.385,115
533,10,15,75,15,185,4.0,75,13,85,54,1,1,8,14,"Owens, A.",82,343,25,261,"Owens, A.",RB,20,17,90,54,0,20,4,AUS,5,0.385,749
534,10,15,80,15,187,4.2,77,13,85,50,1,1,8,13,"Mendonca, M.",54,343,25,261,"Mendonca, M.",FB,20,17,90,70,0,20,5,AUS,5,0.385,790
535,1,15,55,15,71,4.0,75,13,40,30,1,1,7,12,"Trevor, C.",63,346,20,366,"Trevor, C.",RB,20,18,92,40,0,20,5,BAL,6,0.462,283
536,1,95,80,95,37,5.5,85,13,23,95,1,1,7,76,"Havran, C.",100,346,1,366,"Havran, C.",QB,1,18,75,70,0,23,2,BAL,6,0.462,202
537,1,15,81,15,138,4.2,70,13,75,50,1,1,7,23,"Bigby, L.",86,346,20,366,"Bigby, L.",RB,20,18,99,60,0,20,6,BAL,6,0.462,585
538,2,15,73,15,221,4.0,97,13,90,50,1,1,2,16,"Marshall, M.",85,239,30,393,"Marshall, M.",RB,20,18,90,62,0,20,14,YKW,11,0.846,893
539,2,90,80,100,9,6.8,82,13,35,95,1,1,2,26,"Bigsby, C.",100,239,1,393,"Bigsby, C.",QB,1,18,75,70,0,15,0,YKW,11,0.846,61
540,2,15,84,15,58,3.3,85,13,75,38,1,1,2,22,"Canton, J.",49,239,20,393,"Canton, J.",FB,20,18,100,69,0,20,1,YKW,11,0.846,194
541,3,15,83,15,205,4.4,80,13,81,60,1,1,8,19,"Taffy, T.",88,339,25,271,"Taffy, T.",RB,20,18,90,70,0,20,3,COL,5,0.385,897
542,3,1,55,1,9,1.1,70,13,50,60,1,1,8,3,"Damian-Luna, B.",79,339,72,271,"Damian-Luna, B.",C,72,18,85,85,0,35,0,COL,5,0.385,10
543,3,15,70,15,175,4.1,70,13,56,53,1,1,8,25,"Vincent (R), M.",78,339,36,271,"Vincent (R), M.",RB,25,18,85,80,0,20,2,COL,5,0.385,713
544,3,94,60,90,38,2.7,60,13,15,94,1,1,8,21,"McDummy, W.",96,339,1,271,"McDummy, W.",QB,1,18,70,55,0,15,1,COL,5,0.385,101
545,4,15,77,15,19,4.6,70,12,53,53,1,1,4,13,"Quick (R), J.",72,291,25,355,"Quick (R), J.",RB,25,18,81,50,0,20,0,AZ,9,0.6920000000000001,87
546,4,15,70,15,220,4.5,80,13,74,51,1,1,4,21,"Shady, S.",81,291,20,355,"Shady, S.",RB,20,18,100,49,0,20,7,AZ,9,0.6920000000000001,997
547,4,95,80,95,55,5.1,94,13,35,95,1,1,4,28,"Reese, A.",100,291,1,355,"Reese, A.",QB,1,18,75,70,0,15,1,AZ,9,0.6920000000000001,283
548,5,95,60,90,127,5.9,70,13,35,95,1,1,3,44,"Armstrong, F.",98,233,1,363,"Armstrong, F.",QB,1,18,79,68,0,15,9,OCO,10,0.769,754
549,5,15,72,15,171,4.4,93,13,75,45,1,1,3,15,"Reed, A.",80,233,20,363,"Reed, A.",RB,20,18,100,40,0,20,5,OCO,10,0.769,748
550,5,15,72,15,132,3.7,72,13,41,30,1,1,3,13,"Allan (R), C.",67,233,20,363,"Allan (R), C.",RB,20,18,90,40,0,20,4,OCO,10,0.769,485
551,6,15,55,15,91,4.3,70,13,55,50,1,1,9,17,"Orosz, C.",58,338,41,184,"Orosz, C.",FB,25,18,88,81,0,20,1,SJS,4,0.308,388
552,6,82,78,90,76,4.1,80,13,35,81,1,1,9,24,"Wright, D.",91,338,25,184,"Wright, D.",QB,25,18,75,70,0,35,3,SJS,4,0.308,308
553,6,1,74,1,3,1.0,75,13,80,57,1,1,9,2,"Batoff, R.",78,338,20,184,"Batoff, R.",WR,20,18,90,35,0,20,0,SJS,4,0.308,3
554,6,15,58,15,47,4.6,77,13,40,30,1,10,9,16,"Boija, F.",68,338,20,184,"Boija, F.",RB,20,18,97,50,0,20,1,SJS,4,0.308,216
555,6,1,60,1,7,0.7,74,13,50,55,1,1,9,2,"Bot, B.",80,338,70,184,"Bot, B.",G,70,18,85,100,0,35,0,SJS,4,0.308,5
556,6,15,70,15,218,4.1,81,13,53,42,1,1,9,19,"Toriki (R), M.",75,338,20,184,"Toriki (R), M.",RB,20,18,96,53,0,20,4,SJS,4,0.308,889
557,7,93,70,91,10,2.1,80,13,15,94,1,1,9,8,"Falconi, A.",98,317,1,286,"Falconi, A.",QB,1,18,71,56,0,15,0,PHI,4,0.308,21
558,7,15,55,15,11,3.7,70,13,70,50,1,1,9,11,"Zephyrous, S.",74,317,25,286,"Zephyrous, S.",RB,50,18,80,80,0,20,1,PHI,4,0.308,41
559,7,15,90,15,302,4.2,89,13,70,50,1,1,9,17,"Torenson, S.",91,317,25,286,"Torenson, S.",RB,25,18,95,80,0,20,8,PHI,4,0.308,1270
560,8,15,78,15,341,4.0,100,13,75,70,1,1,8,19,"Gump, F.",92,327,40,285,"Gump, F.",RB,39,18,100,70,0,20,11,NO,5,0.385,1380
561,8,95,50,95,23,5.7,58,13,15,95,1,1,8,25,"Francisco, S.",98,327,1,285,"Francisco, S.",QB,1,18,75,60,0,15,3,NO,5,0.385,132
562,8,1,45,1,4,0.5,66,13,67,55,1,1,8,1,"Kwemen, K.",66,327,37,285,"Kwemen, K.",TE,41,18,69,56,0,30,0,NO,5,0.385,2
563,9,90,70,97,25,5.4,80,13,15,95,1,1,8,28,"Jenkins, R.",99,350,1,300,"Jenkins, R.",QB,1,18,75,61,0,15,1,CHI,5,0.385,134
564,9,15,81,15,102,3.8,80,13,40,30,1,1,8,12,"Danielsson, A.",76,350,20,300,"Danielsson, A.",RB,20,18,100,50,0,20,5,CHI,5,0.385,386
565,9,15,80,15,196,4.2,83,13,69,30,1,1,8,17,"Brown, M.",86,350,20,300,"Brown, M.",RB,20,18,100,70,0,20,4,CHI,5,0.385,825
566,9,15,65,15,21,4.5,70,13,54,30,1,1,8,12,"Utler (R), J.",69,350,20,300,"Utler (R), J.",RB,20,18,87,55,0,20,0,CHI,5,0.385,94
567,10,90,55,90,22,2.7,63,13,15,94,1,1,7,14,"Cole, E.",94,390,1,367,"Cole, E.",QB,1,18,70,70,0,15,0,AUS,6,0.462,59
568,10,15,76,15,177,3.5,80,13,90,70,1,1,7,14,"Owens, A.",89,390,25,367,"Owens, A.",RB,20,18,90,70,0,20,7,AUS,6,0.462,623
569,10,15,88,15,159,4.1,80,13,90,50,1,1,7,22,"Mendonca, M.",55,390,25,367,"Mendonca, M.",FB,20,18,90,70,0,20,4,AUS,6,0.462,645
570,1,15,81,15,289,4.3,80,13,75,50,1,1,5,20,"Bigby, L.",87,266,20,371,"Bigby, L.",RB,20,19,100,60,0,20,9,BAL,8,0.615,1237
571,1,1,85,1,4,1.8,75,13,50,50,1,1,5,3,"Pancakes, P.",80,266,73,371,"Pancakes, P.",G,72,19,85,90,0,35,0,BAL,8,0.615,7
572,1,95,80,95,30,3.2,97,13,35,95,1,1,5,12,"Havran, C.",100,266,1,371,"Havran, C.",QB,1,19,75,70,0,23,0,BAL,8,0.615,96
573,1,15,55,15,67,3.9,75,13,40,30,1,1,5,11,"Trevor, C.",63,266,20,371,"Trevor, C.",RB,20,19,92,40,0,20,2,BAL,8,0.615,259
574,2,90,80,100,16,4.8,91,13,35,95,1,1,4,18,"Bigsby, C.",100,331,1,383,"Bigsby, C.",QB,1,19,75,70,0,15,1,YKW,9,0.6920000000000001,76
575,2,15,69,15,201,4.0,76,13,75,50,1,1,4,17,"Hanyadi (R), M.",85,331,20,383,"Hanyadi (R), M.",RB,20,19,100,70,0,20,10,YKW,9,0.6920000000000001,797
576,2,15,70,15,151,4.6,70,13,75,50,1,1,4,21,"Drake (R), O.",84,331,34,383,"Drake (R), O.",RB,25,19,90,80,0,20,4,YKW,9,0.6920000000000001,690
577,3,15,70,15,126,4.1,70,13,69,53,1,1,5,16,"Vincent, M.",83,275,36,326,"Vincent, M.",RB,25,19,90,81,0,20,5,COL,8,0.615,521
578,3,15,85,15,264,3.8,82,13,90,80,1,1,5,14,"Owens, A.",92,275,25,326,"Owens, A.",RB,20,19,90,70,0,20,9,COL,8,0.615,1004
579,3,95,68,92,65,5.4,70,13,30,95,1,1,5,28,"McDummy, W.",99,275,1,326,"McDummy, W.",QB,1,19,75,70,0,15,2,COL,8,0.615,354
580,4,95,73,95,17,3.7,90,13,15,95,1,1,8,12,"Reese, A.",100,355,1,338,"Reese, A.",QB,1,19,70,50,0,15,0,AZ,5,0.385,63
581,4,15,72,15,40,5.5,72,13,41,30,1,1,8,15,"Allan, C.",67,355,20,338,"Allan, C.",RB,20,19,90,40,0,20,2,AZ,5,0.385,219
582,4,1,80,1,1,4.0,85,13,85,80,1,1,8,4,"Irving, J.",99,355,35,338,"Irving, J.",TE,67,19,85,90,0,30,0,AZ,5,0.385,4
583,4,1,45,1,2,0.5,66,13,67,55,1,1,8,1,"Kwemen, K.",66,355,37,338,"Kwemen, K.",TE,41,19,69,56,0,30,0,AZ,5,0.385,1
584,4,15,70,15,260,4.3,80,13,75,30,1,1,8,14,"Ruff (R), R.",48,355,20,338,"Ruff (R), R.",FB,20,19,96,70,0,20,8,AZ,5,0.385,1109
585,5,95,80,90,114,5.3,80,13,35,95,1,1,4,61,"Armstrong, F.",100,243,1,357,"Armstrong, F.",QB,1,19,79,80,0,15,3,OCO,9,0.6920000000000001,601
586,5,15,70,15,89,4.0,70,13,55,51,1,1,4,11,"Shady, S.",77,243,20,357,"Shady, S.",RB,20,19,99,49,0,20,2,OCO,9,0.6920000000000001,353
587,5,15,72,15,235,4.2,99,13,75,50,1,1,4,25,"Reed, A.",81,243,20,357,"Reed, A.",RB,20,19,100,40,0,20,8,OCO,9,0.6920000000000001,992
588,6,1,60,1,7,1.4,74,13,50,55,1,1,9,3,"Bot, B.",80,406,70,187,"Bot, B.",G,70,19,85,100,0,35,1,SJS,4,0.308,10
589,6,15,65,15,269,4.3,77,13,53,30,1,1,9,15,"Tyerucker (R), Q.",72,406,20,187,"Tyerucker (R), Q.",RB,20,19,94,55,0,20,5,SJS,4,0.308,1167
590,6,15,55,15,19,3.5,70,13,55,42,1,1,9,9,"Orosz, C.",71,406,41,187,"Orosz, C.",RB,25,19,85,73,0,20,0,SJS,4,0.308,67
591,6,90,80,95,74,7.2,80,13,35,81,1,1,9,89,"Wright, D.",96,406,25,187,"Wright, D.",QB,25,19,75,70,0,35,1,SJS,4,0.308,531
592,6,15,58,15,10,6.1,70,13,40,30,1,10,9,11,"Boija, F.",67,406,20,187,"Boija, F.",RB,20,19,96,50,0,20,0,SJS,4,0.308,61
593,7,90,60,90,14,3.4,70,13,15,90,1,1,7,11,"Falconi, A.",92,278,1,280,"Falconi, A.",QB,1,19,60,47,0,15,0,PHI,6,0.462,48
594,7,15,70,15,18,2.6,76,13,82,50,1,1,7,8,"Dotson (R), F.",72,278,47,280,"Dotson (R), F.",FB,40,19,90,70,0,20,1,PHI,6,0.462,46
595,7,15,55,15,2,4.0,70,13,70,50,1,1,7,7,"Zephyrous, S.",60,278,25,280,"Zephyrous, S.",FB,50,19,75,71,0,20,0,PHI,6,0.462,8
596,7,15,90,15,284,4.0,100,13,76,50,1,1,7,21,"Torenson, S.",93,278,25,280,"Torenson, S.",RB,25,19,95,80,0,28,11,PHI,6,0.462,1146
597,7,15,72,15,90,3.9,97,13,80,40,1,1,7,12,"Hank, F.",55,278,30,280,"Hank, F.",FB,20,19,90,70,0,20,0,PHI,6,0.462,349
598,8,95,50,95,14,4.5,88,13,15,95,1,1,5,18,"Francisco, S.",99,271,1,341,"Francisco, S.",QB,1,19,75,60,0,15,1,NO,8,0.615,63
599,8,15,70,15,240,4.6,83,13,75,42,1,1,5,14,"Toriki, M.",85,271,20,341,"Toriki, M.",RB,20,19,100,68,0,20,7,NO,8,0.615,1093
600,8,15,92,15,269,4.5,100,13,75,75,1,1,5,23,"Gump, F.",97,271,40,341,"Gump, F.",RB,40,19,100,70,0,20,8,NO,8,0.615,1204
601,9,15,65,15,9,3.8,70,13,54,30,1,1,10,9,"Utler (R), J.",69,392,20,223,"Utler (R), J.",RB,20,19,87,55,0,20,0,CHI,3,0.231,34
602,9,15,75,15,263,4.0,73,13,40,30,1,1,10,18,"Danielsson, A.",73,392,20,223,"Danielsson, A.",RB,20,19,99,50,0,20,10,CHI,3,0.231,1040
603,9,90,80,99,5,11.8,88,13,15,95,1,1,10,28,"Jenkins, R.",100,392,1,223,"Jenkins, R.",QB,1,19,75,61,0,15,0,CHI,3,0.231,59
604,10,95,55,95,11,3.6,63,13,15,95,1,1,8,12,"Cole, E.",98,288,1,299,"Cole, E.",QB,1,19,73,70,0,15,1,AUS,5,0.385,40
605,10,15,90,15,312,3.9,90,13,75,67,1,1,8,19,"Mendonca, M.",94,288,20,299,"Mendonca, M.",RB,20,19,100,70,0,20,11,AUS,5,0.385,1208
606,10,1,70,1,5,1.2,60,13,20,70,1,1,8,2,"Blockit, I.",86,288,84,299,"Blockit, I.",T,83,19,70,80,0,35,0,AUS,5,0.385,6
607,1,15,70,15,142,4.0,72,13,78,35,1,1,7,18,"Williams (R), D.",83,317,25,306,"Williams (R), D.",RB,25,20,95,70,0,20,4,BAL,6,0.462,562
608,1,95,80,95,57,2.6,100,13,35,95,25,25,7,15,"Havran, C.",100,317,25,306,"Havran, C.",QB,25,20,75,70,0,35,2,BAL,6,0.462,147
609,1,15,77,15,209,3.9,100,13,75,60,1,1,7,16,"Reed, A.",90,317,20,306,"Reed, A.",RB,20,20,100,70,0,20,6,BAL,6,0.462,824
610,2,15,69,15,255,4.3,85,13,75,60,1,1,4,26,"Hanyadi, M.",87,294,20,351,"Hanyadi, M.",RB,20,20,100,70,0,20,11,YKW,9,0.6920000000000001,1100
611,2,15,78,15,192,4.1,70,13,75,50,1,1,4,12,"Drake, O.",86,294,39,351,"Drake, O.",RB,25,20,90,80,0,20,10,YKW,9,0.6920000000000001,780
612,2,90,80,100,21,5.8,100,13,35,95,1,1,4,15,"Bigsby, C.",100,294,1,351,"Bigsby, C.",QB,1,20,75,70,0,15,0,YKW,9,0.6920000000000001,122
613,3,15,94,15,226,4.0,85,13,90,80,1,1,6,12,"Owens, A.",58,280,25,309,"Owens, A.",FB,20,20,90,70,0,20,7,COL,7,0.5379999999999999,913
614,3,95,80,95,58,7.6,80,13,35,95,1,1,6,80,"McDummy, W.",100,280,1,309,"McDummy, W.",QB,1,20,75,70,0,15,4,COL,7,0.5379999999999999,443
615,3,15,70,15,99,3.6,70,13,69,54,1,1,6,12,"Vincent, M.",84,280,36,309,"Vincent, M.",RB,25,20,90,85,0,20,3,COL,7,0.5379999999999999,356
616,4,15,70,15,232,3.9,80,13,75,50,1,1,6,16,"Ruff, R.",86,328,20,317,"Ruff, R.",RB,20,20,100,70,0,20,7,AZ,7,0.5379999999999999,907
617,4,15,72,15,16,4.4,72,13,41,30,1,1,6,20,"Allan, C.",67,328,20,317,"Allan, C.",RB,20,20,90,40,0,20,1,AZ,7,0.5379999999999999,71
618,4,1,80,1,5,4.4,85,13,85,80,1,1,6,12,"Irving, J.",83,328,35,317,"Irving, J.",FB,67,20,85,90,0,30,0,AZ,7,0.5379999999999999,22
619,4,90,70,90,62,4.5,80,13,15,90,1,1,6,31,"Cue (R), J.",96,328,1,317,"Cue (R), J.",QB,1,20,79,50,0,15,0,AZ,7,0.5379999999999999,282
620,5,95,80,90,146,6.9,93,13,35,95,1,1,6,81,"Armstrong, F.",100,278,1,371,"Armstrong, F.",QB,1,20,79,80,0,15,8,OCO,7,0.5379999999999999,1001
621,5,15,81,15,224,4.1,80,13,75,50,1,1,6,22,"Bigby, L.",49,278,20,371,"Bigby, L.",FB,20,20,100,60,0,20,6,OCO,7,0.5379999999999999,917
622,5,15,70,15,116,3.8,70,13,50,40,1,1,6,13,"Shady, S.",71,278,20,371,"Shady, S.",RB,20,20,94,43,0,20,6,OCO,7,0.5379999999999999,440
623,6,15,56,15,28,4.2,70,13,40,30,1,1,8,9,"Boija, F.",65,423,20,275,"Boija, F.",RB,20,20,93,50,0,20,2,SJS,5,0.385,117
624,6,1,69,1,1,1.0,72,13,80,40,1,1,8,1,"Blockerman, F.",73,423,20,275,"Blockerman, F.",WR,20,20,73,72,0,20,0,SJS,5,0.385,1
625,6,1,60,1,6,0.7,74,13,50,55,1,1,8,1,"Bot, B.",80,423,70,275,"Bot, B.",G,70,20,85,100,0,35,0,SJS,5,0.385,4
626,6,90,80,95,102,4.4,80,13,35,81,1,1,8,32,"Wright, D.",96,423,25,275,"Wright, D.",QB,25,20,75,70,0,35,2,SJS,5,0.385,450
627,6,15,65,15,312,4.1,77,13,53,30,1,1,8,24,"Tyerucker (R), Q.",72,423,20,275,"Tyerucker (R), Q.",RB,20,20,94,55,0,20,8,SJS,5,0.385,1283
628,7,15,82,15,79,3.5,100,13,80,40,1,1,8,18,"Hank, F.",55,275,30,242,"Hank, F.",FB,20,20,90,70,0,20,3,PHI,5,0.385,273
629,7,15,70,15,18,6.0,76,13,89,51,1,1,8,14,"Dotson, F.",75,275,50,242,"Dotson, F.",FB,40,20,90,70,0,20,0,PHI,5,0.385,108
630,7,94,50,90,17,2.5,60,13,15,80,1,1,8,11,"Phoenix (R), B.",89,275,1,242,"Phoenix (R), B.",QB,1,20,60,50,0,15,0,PHI,5,0.385,43
631,7,15,90,15,322,4.1,100,13,85,72,1,1,8,17,"Torenson, S.",97,275,34,242,"Torenson, S.",RB,25,20,95,80,0,28,8,PHI,5,0.385,1334
632,8,15,72,15,218,4.2,94,13,75,42,1,1,6,36,"Toriki, M.",86,294,20,315,"Toriki, M.",RB,20,20,100,70,0,20,3,NO,7,0.5379999999999999,926
633,8,25,95,25,229,4.2,100,13,75,75,1,15,6,22,"Gump, F.",98,294,40,315,"Gump, F.",RB,40,20,100,70,0,50,10,NO,7,0.5379999999999999,952
634,8,95,70,95,20,4.6,93,13,15,95,1,1,6,33,"Francisco, S.",100,294,1,315,"Francisco, S.",QB,1,20,75,70,0,15,1,NO,7,0.5379999999999999,93
635,9,15,65,15,50,4.1,70,13,54,30,1,1,9,12,"Utler, J.",40,408,20,321,"Utler, J.",FB,20,20,92,55,0,20,0,CHI,4,0.308,207
636,9,15,70,15,182,4.0,71,13,40,30,1,1,9,16,"Danielsson, A.",70,408,20,321,"Danielsson, A.",RB,20,20,96,47,0,20,9,CHI,4,0.308,733
637,9,90,80,99,6,3.5,96,13,15,95,1,1,9,17,"Jenkins, R.",100,408,1,321,"Jenkins, R.",QB,1,20,75,61,0,15,1,CHI,4,0.308,21
638,10,15,95,15,270,3.9,94,13,75,75,1,1,5,13,"Mendonca, M.",96,260,20,350,"Mendonca, M.",RB,20,20,100,70,0,20,7,AUS,8,0.615,1052
639,10,1,65,1,6,4.8,60,13,20,65,1,1,5,11,"Blockit, I.",93,260,80,350,"Blockit, I.",FB,80,20,65,90,0,35,0,AUS,8,0.615,29
640,10,95,80,95,67,5.9,78,13,15,95,1,1,5,36,"Cole, E.",100,260,1,350,"Cole, E.",QB,1,20,75,70,0,15,1,AUS,8,0.615,396
641,1,95,80,95,15,3.5,100,13,15,95,1,1,4,12,"Havran, C.",100,290,1,354,"Havran, C.",QB,1,21,75,70,0,15,0,BAL,9,0.6920000000000001,52
642,1,15,77,15,210,4.8,100,13,75,60,1,1,4,22,"Reed, A.",90,290,20,354,"Reed, A.",RB,20,21,100,70,0,20,4,BAL,9,0.6920000000000001,1007
643,1,1,65,1,5,1.6,70,13,75,40,1,1,4,4,"Kross (R), C.",79,290,20,354,"Kross (R), C.",WR,20,21,100,55,0,20,0,BAL,9,0.6920000000000001,8
644,1,15,70,15,204,4.4,90,13,82,35,1,1,4,19,"Williams, D.",84,290,25,354,"Williams, D.",RB,25,21,95,70,0,20,5,BAL,9,0.6920000000000001,888
645,2,15,84,15,241,4.3,90,13,75,71,1,1,6,15,"Hanyadi, M.",53,308,20,315,"Hanyadi, M.",FB,20,21,100,70,0,20,7,YKW,7,0.5379999999999999,1045
646,2,90,80,98,25,2.7,99,13,35,95,1,1,6,18,"Bigsby, C.",100,308,1,315,"Bigsby, C.",QB,1,21,75,70,0,15,2,YKW,7,0.5379999999999999,67
647,2,15,78,15,178,3.9,70,13,75,50,1,1,6,16,"Drake, O.",62,308,39,315,"Drake, O.",FB,25,21,90,80,0,20,8,YKW,7,0.5379999999999999,701
648,3,95,80,95,48,7.7,95,13,35,95,1,1,5,80,"McDummy, W.",100,299,1,323,"McDummy, W.",QB,1,21,75,70,0,15,7,COL,8,0.615,370
649,3,15,95,15,209,3.9,90,13,90,80,1,1,5,23,"Owens, A.",96,299,39,323,"Owens, A.",RB,20,21,90,70,0,20,4,COL,8,0.615,819
650,3,15,70,15,82,4.4,70,13,69,56,1,1,5,21,"Vincent, M.",85,299,36,323,"Vincent, M.",RB,25,21,90,89,0,20,3,COL,8,0.615,357
651,4,90,82,90,57,0.5,90,13,15,90,1,1,10,17,"Cue, J.",98,379,1,253,"Cue, J.",QB,1,21,80,60,0,15,0,AZ,3,0.231,26
652,4,1,80,1,5,6.6,85,13,85,80,1,1,10,9,"Irving, J.",83,379,35,253,"Irving, J.",FB,67,21,85,90,0,30,0,AZ,3,0.231,33
653,4,15,70,15,220,4.4,80,13,75,50,1,1,10,18,"Ruff, R.",86,379,20,253,"Ruff, R.",RB,20,21,100,70,0,20,2,AZ,3,0.231,957
654,5,15,55,15,130,3.9,73,13,45,30,1,1,3,13,"Sarvepally (R), S.",65,230,20,360,"Sarvepally (R), S.",RB,20,21,96,40,0,20,10,OCO,10,0.769,512
655,5,95,80,90,87,4.9,100,13,35,95,1,1,3,66,"Armstrong, F.",100,230,1,360,"Armstrong, F.",QB,1,21,79,80,0,15,2,OCO,10,0.769,423
656,5,1,65,1,35,3.4,70,13,80,40,1,1,3,9,"Kurisuto (R), R.",74,230,10,360,"Kurisuto (R), R.",WR,10,21,97,25,0,20,1,OCO,10,0.769,118
657,5,15,81,15,230,3.9,80,13,75,50,1,1,3,14,"Bigby, L.",49,230,20,360,"Bigby, L.",FB,20,21,100,60,0,20,4,OCO,10,0.769,906
658,6,90,80,98,29,4.8,80,13,35,95,1,1,9,16,"Wright, D.",100,289,25,221,"Wright, D.",QB,25,21,75,70,0,35,1,SJS,4,0.308,140
659,6,1,60,1,4,1.2,74,13,50,55,1,1,9,2,"Bot, B.",80,289,70,221,"Bot, B.",G,70,21,85,100,0,35,0,SJS,4,0.308,5
660,6,15,72,15,156,4.2,74,13,51,48,1,1,9,16,"Cardrissian (R), R.",78,289,20,221,"Cardrissian (R), R.",RB,25,21,86,83,0,20,2,SJS,4,0.308,648
661,6,15,65,15,252,4.5,77,13,53,30,1,1,9,18,"Tyerucker, Q.",72,289,20,221,"Tyerucker, Q.",RB,20,21,94,55,0,20,8,SJS,4,0.308,1126
662,7,15,70,15,66,3.8,78,13,90,60,1,1,10,13,"Dotson, F.",76,356,50,248,"Dotson, F.",FB,40,21,90,70,0,20,1,PHI,3,0.231,254
663,7,95,50,90,11,3.3,72,13,15,90,1,1,10,14,"Phoenix, B.",93,356,1,248,"Phoenix, B.",QB,1,21,60,50,0,15,0,PHI,3,0.231,36
664,7,15,90,15,314,4.2,100,13,85,75,1,1,10,21,"Torenson, S.",99,356,50,248,"Torenson, S.",RB,50,21,95,80,0,50,9,PHI,3,0.231,1305
665,8,15,82,15,184,4.7,100,13,75,56,1,1,4,20,"Toriki, M.",91,260,20,374,"Toriki, M.",RB,20,21,100,70,0,20,7,NO,9,0.6920000000000001,873
666,8,25,95,25,231,4.5,100,13,75,75,25,25,4,16,"Gump, F.",98,260,40,374,"Gump, F.",RB,40,21,100,70,0,50,7,NO,9,0.6920000000000001,1031
667,8,95,70,95,12,3.0,90,13,15,95,1,1,4,9,"Francisco, S.",100,260,1,374,"Francisco, S.",QB,1,21,75,51,0,15,0,NO,9,0.6920000000000001,36
668,9,15,65,15,53,3.9,70,13,54,30,1,1,8,13,"Utler, J.",71,357,20,336,"Utler, J.",RB,20,21,92,55,0,20,1,CHI,5,0.385,209
669,9,15,95,15,209,4.4,100,13,75,75,1,1,8,39,"Leaf Jr., R.",97,357,22,336,"Leaf Jr., R.",RB,22,21,100,70,0,50,4,CHI,5,0.385,928
670,9,90,75,99,11,2.9,90,13,15,95,1,1,8,9,"Jenkins, R.",100,357,1,336,"Jenkins, R.",QB,1,21,75,40,0,15,0,CHI,5,0.385,32
671,9,15,90,15,164,3.9,100,13,80,40,1,1,8,13,"Hank, F.",56,357,30,336,"Hank, F.",FB,20,21,90,70,0,20,4,CHI,5,0.385,646
672,10,95,80,95,39,4.7,95,13,15,95,1,1,6,28,"Cole, E.",100,334,1,318,"Cole, E.",QB,1,21,75,70,0,15,3,AUS,7,0.5379999999999999,185
673,10,15,95,15,311,4.0,100,13,75,75,1,1,6,17,"Mendonca, M.",98,334,40,318,"Mendonca, M.",RB,40,21,100,70,0,20,6,AUS,7,0.5379999999999999,1244
674,10,1,65,1,5,4.4,60,13,20,65,1,1,6,8,"Blockit, I.",93,334,80,318,"Blockit, I.",FB,80,21,65,90,0,35,0,AUS,7,0.5379999999999999,22
675,1,90,45,88,19,2.7,51,13,15,91,1,1,10,14,"Fujiwara (R), C.",90,283,1,195,"Fujiwara (R), C.",QB,1,22,66,43,0,15,0,BAL,3,0.231,51
676,1,15,70,15,219,4.9,93,13,75,60,1,1,10,24,"Reed, A.",83,283,20,195,"Reed, A.",RB,20,22,100,50,0,20,2,BAL,3,0.231,1066
677,1,15,80,15,242,4.3,93,13,85,50,1,1,10,19,"Williams, D.",90,283,25,195,"Williams, D.",RB,25,22,95,74,0,20,4,BAL,3,0.231,1038
678,1,15,55,15,30,4.0,79,13,70,30,1,1,10,13,"Skuff (R), R.",76,283,20,195,"Skuff (R), R.",RB,25,22,90,80,0,20,0,BAL,3,0.231,119
679,2,15,84,15,268,4.8,97,13,75,72,1,1,2,19,"Hanyadi, M.",53,196,20,406,"Hanyadi, M.",FB,20,22,100,70,0,20,7,YKW,11,0.846,1280
680,2,90,76,98,13,7.3,85,13,35,95,1,1,2,23,"Bigsby, C.",100,196,1,406,"Bigsby, C.",QB,1,22,75,70,0,15,0,YKW,11,0.846,95
681,2,15,61,15,212,4.3,74,13,70,30,1,1,2,19,"Skyline (R), A.",48,196,23,406,"Skyline (R), A.",FB,20,22,99,70,0,20,9,YKW,11,0.846,911
682,3,15,70,15,134,3.9,77,13,69,69,1,1,5,11,"Vincent, M.",87,208,38,295,"Vincent, M.",RB,25,22,90,90,0,20,4,COL,8,0.615,526
683,3,95,80,90,146,4.3,100,13,35,95,25,25,5,30,"McDummy, W.",100,208,25,295,"McDummy, W.",QB,25,22,79,80,0,35,3,COL,8,0.615,634
684,3,15,95,15,189,3.9,100,13,90,80,1,1,5,14,"Owens, A.",97,208,50,295,"Owens, A.",RB,40,22,90,70,0,20,5,COL,8,0.615,736
685,4,90,90,90,100,4.6,90,13,15,90,1,1,8,24,"Cue, J.",100,306,1,246,"Cue, J.",QB,1,22,90,60,1,15,2,AZ,4,0.34600000000000003,464
686,4,1,70,1,3,0.3,72,13,80,50,1,1,8,1,"Evans (R), H.",87,306,35,246,"Evans (R), H.",TE,37,22,85,80,1,30,0,AZ,4,0.34600000000000003,1
687,4,15,82,15,241,3.8,86,13,81,70,1,1,8,15,"Yoda (R), B.",89,306,32,246,"Yoda (R), B.",RB,20,22,90,70,1,20,7,AZ,4,0.34600000000000003,907
688,5,1,80,1,2,7.0,76,13,80,50,1,1,3,8,"Phillips (R), J.",54,234,25,341,"Phillips (R), J.",FB,25,22,90,65,0,25,0,OCO,10,0.769,14
689,5,95,80,90,106,6.8,100,13,35,95,1,1,3,66,"Armstrong, F.",100,234,1,341,"Armstrong, F.",QB,1,22,79,80,0,15,6,OCO,10,0.769,720
690,5,15,70,15,144,4.4,78,13,75,50,1,1,3,18,"Bigby, L.",82,234,20,341,"Bigby, L.",RB,20,22,98,57,0,20,7,OCO,10,0.769,632
691,5,15,60,15,211,3.9,80,13,50,50,1,1,3,20,"Nakamura (R), T.",76,234,25,341,"Nakamura (R), T.",RB,20,22,100,62,0,20,5,OCO,10,0.769,822
692,6,15,65,15,193,4.3,77,13,53,30,1,1,5,13,"Tyerucker, Q.",72,251,20,288,"Tyerucker, Q.",RB,20,22,94,55,0,20,6,SJS,8,0.615,837
693,6,90,75,98,12,4.2,70,13,15,95,1,1,5,10,"Wright, D.",99,251,1,288,"Wright, D.",QB,1,22,75,46,0,15,0,SJS,8,0.615,50
694,6,15,72,15,220,4.3,80,13,52,48,1,1,5,22,"Cardrissian, R.",80,251,20,288,"Cardrissian, R.",RB,25,22,90,83,0,20,7,SJS,8,0.615,936
695,6,1,50,1,6,0.8,60,13,50,55,1,1,5,2,"Bot, B.",77,251,72,288,"Bot, B.",G,70,22,85,90,0,35,0,SJS,8,0.615,5
696,6,15,78,15,15,2.5,70,13,75,50,1,1,5,7,"Drake, O.",62,251,39,288,"Drake, O.",FB,25,22,90,80,0,20,1,SJS,8,0.615,38
697,7,15,74,15,174,4.2,84,13,90,74,1,1,7,15,"Dotson, F.",90,263,50,252,"Dotson, F.",RB,40,22,90,70,0,20,6,PHI,6,0.462,732
698,7,1,62,1,1,2.0,80,13,80,78,1,1,7,2,"Blocksdale Jr., A.",92,263,40,252,"Blocksdale Jr., A.",TE,40,22,90,85,0,25,0,PHI,6,0.462,2
699,7,95,54,95,17,3.1,80,13,15,90,1,1,7,11,"Phoenix, B.",96,263,1,252,"Phoenix, B.",QB,1,22,60,50,0,15,0,PHI,6,0.462,52
700,7,15,95,15,245,4.0,100,13,75,75,1,1,7,19,"Torenson, S.",98,263,40,252,"Torenson, S.",RB,40,22,100,70,0,50,7,PHI,6,0.462,989
701,8,25,95,25,243,4.6,100,13,75,75,22,25,5,16,"Gump, F.",98,257,40,269,"Gump, F.",RB,40,22,100,70,0,50,4,NO,8,0.615,1117
702,8,95,50,95,5,5.2,88,13,15,95,1,1,5,23,"Francisco, S.",98,257,1,269,"Francisco, S.",QB,1,22,70,42,0,15,0,NO,8,0.615,26
703,8,15,93,15,215,4.4,100,13,75,75,1,1,5,19,"Toriki, M.",96,257,20,269,"Toriki, M.",RB,20,22,100,70,0,23,7,NO,8,0.615,946
704,9,71,45,71,4,0.8,50,5,15,72,1,1,12,4,"LaFleur, F.",69,389,1,111,"LaFleur, F.",QB,1,22,40,40,0,15,0,CHI,1,0.077,3
705,9,15,72,15,17,4.0,72,13,41,30,1,1,12,9,"Allan, C.",35,389,20,111,"Allan, C.",FB,20,22,90,40,0,20,0,CHI,1,0.077,68
706,9,15,65,15,230,4.0,82,13,70,41,1,1,12,19,"Tirtawidjaja (R), J.",52,389,25,111,"Tirtawidjaja (R), J.",FB,25,22,92,70,0,20,2,CHI,1,0.077,925
707,9,15,90,15,97,3.2,90,13,80,40,1,1,12,15,"Hank, F.",88,389,30,111,"Hank, F.",RB,20,22,90,70,0,20,1,CHI,1,0.077,308
708,10,15,95,15,198,4.5,100,13,75,75,1,1,4,22,"Mendonca, M.",98,251,40,368,"Mendonca, M.",RB,40,22,100,70,1,20,8,AUS,8,0.654,885
709,10,15,91,15,155,4.2,100,13,74,70,1,1,4,16,"Leaf Jr., R.",95,251,20,368,"Leaf Jr., R.",RB,20,22,100,70,1,50,7,AUS,8,0.654,650
710,10,95,80,90,27,7.5,100,13,15,95,1,1,4,63,"Cole, E.",100,251,25,368,"Cole, E.",QB,25,22,79,80,1,15,3,AUS,8,0.654,203
711,11,90,70,91,16,4.4,86,13,15,90,1,1,7,20,"Jenkins, R.",96,266,1,219,"Jenkins, R.",QB,1,22,75,40,0,15,0,SAR,6,0.462,71
712,11,15,70,15,287,3.8,91,13,75,30,1,1,7,17,"Frost, D.",84,266,20,219,"Frost, D.",RB,20,22,100,70,0,20,6,SAR,6,0.462,1097
713,11,15,55,15,118,3.9,71,13,54,30,1,1,7,15,"McTaco, P.",66,266,20,219,"McTaco, P.",RB,20,22,92,45,0,20,6,SAR,6,0.462,459
714,11,90,45,86,7,-0.4,50,8,15,88,1,1,7,5,"Vega, Z.",86,266,1,219,"Vega, Z.",QB,1,22,40,40,0,15,0,SAR,6,0.462,-3
715,12,15,70,15,247,4.7,80,13,75,50,1,1,9,31,"Ruff, R.",86,280,20,194,"Ruff, R.",RB,20,22,100,70,0,20,8,HON,4,0.308,1161
716,12,1,60,1,2,1.5,70,13,90,45,1,1,9,3,"Alexander (R), W.",77,280,20,194,"Alexander (R), W.",WR,20,22,90,50,0,20,0,HON,4,0.308,3
717,12,15,73,15,186,3.8,79,13,80,55,1,1,9,12,"Kane-Maika'i (R), K.",84,280,25,194,"Kane-Maika'i (R), K.",RB,20,22,90,70,0,20,4,HON,4,0.308,702
718,12,95,80,95,12,2.5,89,13,15,95,1,1,9,8,"Havran, C.",100,280,1,194,"Havran, C.",QB,1,22,75,70,0,15,0,HON,4,0.308,30
