,teamID,ACC,AGI,ARM,Att,Comp,END,G,HND,INT,Int,KAc,KDi,L,Lg,Name,OVR,PA,PBl,PF,Pct,Player,Pos,RBl,Rating,S,SPE,STR,T,TCK,TD,Team,W,WPct,Yards
0,1,80,50,75,434,253,50,14,15,70,17,1,1,10,47,"Kyubee, S.",75,330,1,254,58.3,"Kyubee, S.",QB,1,68.3,1,58,35,0,15,12,BAL,4,0.28600000000000003,2581
1,2,80,45,72,457,264,50,14,15,80,9,1,1,6,47,"Orosz, C.",75,225,1,256,57.8,"Orosz, C.",QB,1,77.6,1,40,35,0,15,14,YKW,8,0.5710000000000001,2788
2,2,70,45,74,5,3,40,1,15,60,0,1,1,6,28,"Holder, P.",66,225,1,256,60.0,"Holder, P.",QB,1,104.2,1,50,40,0,15,0,YKW,8,0.5710000000000001,65
3,3,80,52,80,446,252,50,14,17,73,8,3,3,6,45,"Noble, L.",78,253,3,250,56.5,"Noble, L.",QB,3,77.2,1,60,38,0,17,15,COL,8,0.5710000000000001,2603
4,4,80,42,75,444,228,42,14,15,71,14,1,1,5,50,"Draxel, V.",73,204,1,277,51.4,"Draxel, V.",QB,1,73.6,1,42,35,0,15,20,ARI,9,0.643,2858
5,4,75,55,75,8,7,55,14,15,64,0,1,1,5,18,"Bronko, K.",73,204,1,277,87.5,"Bronko, K.",QB,1,103.6,1,60,40,0,15,0,ARI,9,0.643,71
6,5,81,42,75,352,210,42,11,17,80,19,1,1,5,44,"Boss, M.",76,196,3,249,59.7,"Boss, M.",QB,3,67.4,1,42,37,0,17,11,OCO,9,0.643,2334
7,5,81,45,74,93,50,42,4,15,70,4,1,1,5,40,"Bercovici, J.",74,196,1,249,53.8,"Bercovici, J.",QB,1,69.3,1,50,40,0,15,4,OCO,9,0.643,581
8,6,73,50,74,292,153,50,9,15,73,10,1,1,10,47,"Christ, J.",72,291,1,213,52.4,"Christ, J.",QB,1,63.3,1,51,40,0,15,7,SJS,4,0.28600000000000003,1670
9,6,71,60,73,206,113,50,14,15,72,3,1,1,10,43,"Hunt, E.",74,291,1,213,54.9,"Hunt, E.",QB,1,75.9,1,69,35,0,15,6,SJS,4,0.28600000000000003,1209
10,1,80,50,75,434,253,50,14,15,70,17,1,1,10,47,"Kyubee, S.",75,330,1,254,58.3,"Kyubee, S.",QB,1,68.3,1,58,35,0,15,12,BAL,4,0.28600000000000003,2581
11,2,80,45,72,457,264,50,14,15,80,9,1,1,6,47,"Orosz, C.",75,225,1,256,57.8,"Orosz, C.",QB,1,77.6,1,40,35,0,15,14,YKW,8,0.5710000000000001,2788
12,2,70,45,74,5,3,40,1,15,60,0,1,1,6,28,"Holder, P.",66,225,1,256,60.0,"Holder, P.",QB,1,104.2,1,50,40,0,15,0,YKW,8,0.5710000000000001,65
13,3,80,52,80,446,252,50,14,17,73,8,3,3,6,45,"Noble, L.",78,253,3,250,56.5,"Noble, L.",QB,3,77.2,1,60,38,0,17,15,COL,8,0.5710000000000001,2603
14,4,80,42,75,444,228,42,14,15,71,14,1,1,5,50,"Draxel, V.",73,204,1,277,51.4,"Draxel, V.",QB,1,73.6,1,42,35,0,15,20,ARI,9,0.643,2858
15,4,75,55,75,8,7,55,14,15,64,0,1,1,5,18,"Bronko, K.",73,204,1,277,87.5,"Bronko, K.",QB,1,103.6,1,60,40,0,15,0,ARI,9,0.643,71
16,5,81,42,75,352,210,42,11,17,80,19,1,1,5,44,"Boss, M.",76,196,3,249,59.7,"Boss, M.",QB,3,67.4,1,42,37,0,17,11,OCO,9,0.643,2334
17,5,81,45,74,93,50,42,4,15,70,4,1,1,5,40,"Bercovici, J.",74,196,1,249,53.8,"Bercovici, J.",QB,1,69.3,1,50,40,0,15,4,OCO,9,0.643,581
18,6,73,50,74,292,153,50,9,15,73,10,1,1,10,47,"Christ, J.",72,291,1,213,52.4,"Christ, J.",QB,1,63.3,1,51,40,0,15,7,SJS,4,0.28600000000000003,1670
19,6,71,60,73,206,113,50,14,15,72,3,1,1,10,43,"Hunt, E.",74,291,1,213,54.9,"Hunt, E.",QB,1,75.9,1,69,35,0,15,6,SJS,4,0.28600000000000003,1209
20,1,80,50,80,505,296,50,14,15,82,15,1,1,6,47,"Kyubee, S.",81,270,1,268,58.6,"Kyubee, S.",QB,1,74.0,2,60,35,0,15,14,BAL,8,0.5710000000000001,3181
21,2,84,60,81,522,332,55,14,15,81,17,1,1,6,45,"Orosz, C.",84,295,1,300,63.6,"Orosz, C.",QB,1,84.1,2,60,50,0,15,21,YKW,8,0.5710000000000001,3657
22,3,87,57,81,469,261,62,14,17,81,20,3,3,6,45,"Noble, L.",85,216,3,268,55.7,"Noble, L.",QB,3,70.3,2,63,50,0,21,18,COL,8,0.5710000000000001,3018
23,4,80,60,80,518,285,55,14,15,80,15,1,1,2,54,"Bronko, K.",82,175,1,369,55.0,"Bronko, K.",QB,1,77.1,2,60,56,0,15,25,ARI,12,0.857,3130
24,4,72,55,68,23,9,40,6,15,72,2,1,1,2,20,"Strike, M.",72,175,1,369,39.1,"Strike, M.",QB,1,16.2,2,71,30,0,15,0,ARI,12,0.857,98
25,5,85,46,80,528,320,46,14,17,90,16,1,1,6,42,"Boss, M.",83,219,3,271,60.6,"Boss, M.",QB,3,81.7,2,46,41,0,21,21,OCO,8,0.5710000000000001,3609
26,6,74,60,77,454,267,50,14,15,80,13,1,1,10,52,"Hunt, E.",79,374,1,233,58.8,"Hunt, E.",QB,1,77.6,2,70,35,0,15,14,SJS,4,0.28600000000000003,3065
27,6,70,50,79,17,9,50,3,15,66,1,1,1,10,27,"Adams, C.",71,374,1,233,52.9,"Adams, C.",QB,1,47.9,2,53,60,0,15,0,SJS,4,0.28600000000000003,107
28,7,74,50,75,546,298,50,14,15,80,10,1,1,9,48,"Christ, J.",75,281,1,245,54.6,"Christ, J.",QB,1,72.8,2,51,40,0,15,13,PHI,5,0.35700000000000004,3269
29,7,70,50,75,9,5,67,14,15,73,0,1,1,9,11,"Brady, S.",73,281,1,245,55.6,"Brady, S.",QB,1,62.3,2,50,50,0,15,0,PHI,5,0.35700000000000004,30
30,8,83,45,80,497,239,46,14,15,81,23,1,1,11,54,"Bercovici, J.",80,335,1,211,48.1,"Bercovici, J.",QB,1,54.6,2,50,40,0,15,16,LV,3,0.214,2508
31,8,70,45,74,5,2,40,1,15,60,1,1,1,11,20,"Ryder, L.",66,335,1,211,40.0,"Ryder, L.",QB,1,20.0,2,50,40,0,15,0,LV,3,0.214,29
32,1,80,50,80,482,289,50,14,15,88,15,1,1,5,49,"Kyubee, S.",82,270,1,317,60.0,"Kyubee, S.",QB,1,83.3,3,60,35,0,15,20,BAL,9,0.643,3518
33,2,90,60,81,523,303,55,14,15,84,11,1,1,7,50,"Orosz, C.",87,275,1,332,57.9,"Orosz, C.",QB,1,88.6,3,60,50,0,15,28,YKW,7,0.5,3663
34,2,70,45,74,4,3,40,2,15,60,1,1,1,7,12,"Holder, P.",66,275,1,332,75.0,"Holder, P.",QB,1,44.8,3,50,40,0,15,0,YKW,7,0.5,19
35,3,70,70,70,372,181,53,14,15,70,35,1,1,11,44,"Pierno, N.",74,372,1,182,48.7,"Pierno, N.",QB,1,35.3,3,75,32,0,15,8,COL,3,0.214,2209
36,4,85,60,83,495,289,55,14,15,85,8,1,1,1,53,"Bronko, K.",86,166,1,427,58.4,"Bronko, K.",QB,1,91.6,3,60,60,0,15,25,ARI,13,0.929,3650
37,5,91,46,85,624,380,50,14,17,90,12,1,1,6,46,"Boss, M.",87,288,3,406,60.9,"Boss, M.",QB,3,91.9,3,46,41,0,21,30,OCO,8,0.5710000000000001,4649
38,6,83,60,80,540,295,52,14,15,80,16,1,1,8,71,"Hunt, E.",83,338,1,292,54.6,"Hunt, E.",QB,1,78.3,3,70,35,1,15,24,SJS,5,0.39299999999999996,3652
39,7,80,56,80,514,286,44,14,15,83,24,1,1,5,50,"Rove, C.",81,328,1,326,55.6,"Rove, C.",QB,1,70.0,3,57,45,1,15,20,PHI,8,0.607,3461
40,8,84,45,81,477,260,46,14,15,81,20,1,1,12,47,"Bercovici, J.",81,444,1,199,54.5,"Bercovici, J.",QB,1,67.5,3,50,40,0,15,14,LV,2,0.14300000000000002,3169
41,1,91,58,83,517,308,60,14,15,91,19,1,1,7,63,"Blocksdale, A.",90,324,1,315,59.6,"Blocksdale, A.",QB,1,78.8,4,59,46,0,15,18,BAL,7,0.5,3817
42,1,60,40,55,1,0,40,1,15,55,1,1,1,7,0,"Slinger1, Z.",53,324,1,315,0.0,"Slinger1, Z.",QB,1,0.0,4,40,30,0,15,0,BAL,7,0.5,0
43,2,87,80,85,597,369,71,14,15,90,17,1,1,6,49,"Akselsen, M.",93,279,1,361,61.8,"Akselsen, M.",QB,1,82.9,4,80,38,0,19,25,YKW,8,0.5710000000000001,3899
44,3,72,71,70,418,218,55,14,15,76,25,1,1,13,48,"Pierno, N.",77,482,1,175,52.2,"Pierno, N.",QB,1,50.8,4,81,32,0,15,7,COL,1,0.071,2466
45,4,88,70,85,628,371,55,14,15,85,13,1,1,2,79,"Bronko, K.",90,203,1,435,59.1,"Bronko, K.",QB,1,92.6,4,70,70,0,15,35,ARI,12,0.857,4719
46,5,92,46,90,663,412,70,14,17,90,18,1,1,5,69,"Boss, M.",90,238,3,421,62.1,"Boss, M.",QB,3,94.1,4,46,41,0,21,36,OCO,9,0.643,5318
47,6,90,60,83,585,348,70,14,15,90,13,1,1,5,42,"Orosz, C.",90,264,1,373,59.5,"Orosz, C.",QB,1,80.9,4,60,50,0,15,20,SJS,9,0.643,3801
48,7,85,56,80,558,326,44,14,15,83,26,1,1,7,79,"Rove, C.",83,350,1,265,58.4,"Rove, C.",QB,1,68.4,4,57,45,0,15,16,PHI,7,0.5,3682
49,8,83,50,80,394,229,50,14,15,83,12,1,1,11,65,"Stone, W.",80,439,1,234,58.1,"Stone, W.",QB,1,73.4,4,40,50,0,15,13,LV,3,0.214,2319
50,1,96,70,90,597,360,63,14,15,92,16,1,1,6,74,"Blocksdale, A.",96,340,1,405,60.3,"Blocksdale, A.",QB,1,98.5,5,61,50,0,19,42,BAL,8,0.5710000000000001,4858
51,2,90,86,90,695,407,71,14,15,90,13,1,1,4,66,"Akselsen, M.",98,310,1,433,58.6,"Akselsen, M.",QB,1,93.5,5,85,56,0,27,41,YKW,10,0.7140000000000001,5133
52,3,80,80,76,343,199,57,14,15,81,19,1,1,12,38,"Pierno, N.",85,407,1,180,58.0,"Pierno, N.",QB,1,55.0,5,82,32,0,15,4,COL,2,0.14300000000000002,1957
53,4,90,76,90,606,347,55,14,15,85,18,1,1,6,72,"Bronko, K.",94,431,1,436,57.3,"Bronko, K.",QB,1,96.0,5,75,70,0,15,44,AZ,8,0.5710000000000001,5000
54,5,93,47,94,646,392,70,14,17,94,17,1,1,3,78,"Boss, M.",94,265,3,421,60.7,"Boss, M.",QB,3,98.6,5,52,41,0,21,41,OCO,11,0.7859999999999999,5545
55,6,90,69,90,602,365,72,14,15,90,13,1,1,6,71,"Orosz, C.",94,374,1,343,60.6,"Orosz, C.",QB,1,87.7,5,64,50,0,15,24,SJS,8,0.5710000000000001,4452
56,7,88,59,87,604,352,44,14,15,90,17,1,1,6,63,"Rove, C.",89,339,1,405,58.3,"Rove, C.",QB,1,91.9,5,57,45,0,15,38,PHI,8,0.5710000000000001,4636
57,8,87,60,82,577,362,64,14,17,81,21,3,3,13,58,"Noble, L.",86,453,3,296,62.7,"Noble, L.",QB,3,78.1,5,65,52,0,25,20,LV,1,0.071,3792
58,1,95,72,94,547,319,70,14,15,95,10,1,1,7,60,"Blocksdale, A.",100,351,1,397,58.3,"Blocksdale, A.",QB,1,97.7,6,74,64,0,23,37,BAL,7,0.5,4215
59,2,90,89,90,530,294,74,14,35,90,16,1,1,6,53,"Akselsen, M.",99,339,1,385,55.5,"Akselsen, M.",QB,1,75.0,6,90,60,1,27,18,YKW,7,0.536,3556
60,3,82,81,81,369,203,57,14,15,82,13,1,1,14,36,"Pierno, N.",87,541,1,197,55.0,"Pierno, N.",QB,1,64.4,6,83,32,0,15,10,COL,0,0.0,1955
61,4,90,80,90,544,319,60,14,15,88,14,1,1,6,54,"Bronko, K.",95,374,1,336,58.6,"Bronko, K.",QB,1,86.2,6,75,70,0,15,26,AZ,8,0.5710000000000001,3918
62,5,95,63,95,643,420,73,14,20,95,15,1,1,3,82,"Boss, M.",98,254,3,471,65.3,"Boss, M.",QB,3,103.8,6,65,52,0,21,41,OCO,11,0.7859999999999999,5516
63,6,91,71,91,609,347,74,14,15,91,10,1,1,3,66,"Orosz, C.",95,302,1,386,57.0,"Orosz, C.",QB,1,88.4,6,66,52,0,15,25,SJS,11,0.7859999999999999,4680
64,7,90,80,92,648,391,72,14,35,95,17,1,1,5,58,"Oles, T.",98,313,17,440,60.3,"Oles, T.",QB,17,89.0,6,75,54,0,30,29,PHI,9,0.643,5073
65,8,83,53,84,555,323,65,14,15,85,17,1,1,11,62,"Maximus III, B.",84,377,1,239,58.2,"Maximus III, B.",QB,1,74.6,6,51,51,1,19,18,NO,2,0.179,3462
66,1,95,80,95,615,365,83,14,35,95,9,1,1,7,68,"Blocksdale, A.",100,333,1,405,59.3,"Blocksdale, A.",QB,1,96.1,7,75,70,0,23,38,BAL,7,0.5,4437
67,2,90,90,90,512,317,92,14,35,90,16,1,1,1,64,"Akselsen, M.",100,272,1,468,61.9,"Akselsen, M.",QB,1,89.3,7,90,60,0,35,21,YKW,13,0.929,4293
68,3,85,50,85,482,231,40,14,15,85,21,1,1,14,39,"Applehort, R.",83,501,1,137,47.9,"(R) Applehort, R.",QB,1,47.6,7,50,35,0,15,4,COL,0,0.0,2430
69,4,90,80,92,535,311,60,14,15,95,16,1,1,9,62,"Bronko, K.",98,433,1,357,58.1,"Bronko, K.",QB,1,84.8,7,75,70,0,15,23,AZ,5,0.35700000000000004,4165
70,5,95,66,95,654,365,73,14,20,95,11,1,1,2,63,"Boss, M.",99,274,3,461,55.8,"Boss, M.",QB,3,94.3,7,67,52,0,21,40,OCO,12,0.857,5077
71,6,91,71,91,573,299,74,14,15,91,14,1,1,9,50,"Orosz, C.",95,380,1,304,52.2,"Orosz, C.",QB,1,71.6,7,66,52,0,15,15,SJS,5,0.35700000000000004,3779
72,7,90,80,100,667,375,75,14,35,95,13,1,1,4,52,"Oles, T.",100,303,17,426,56.2,"Oles, T.",QB,17,86.2,7,75,70,0,30,34,PHI,10,0.7140000000000001,4551
73,8,90,53,88,641,333,65,14,15,90,10,1,1,10,63,"Maximus III, B.",90,366,1,304,52.0,"Maximus III, B.",QB,1,72.6,7,51,54,0,19,13,NO,4,0.28600000000000003,4149
74,1,95,80,95,571,342,93,14,35,95,6,1,1,7,63,"Blocksdale, A.",100,329,1,403,59.9,"Blocksdale, A.",QB,1,98.9,8,75,70,0,31,33,BAL,7,0.5,4381
75,2,90,90,90,453,288,86,14,35,90,10,1,1,3,58,"Akselsen, M.",99,286,1,446,63.6,"Akselsen, M.",QB,1,96.8,8,90,60,0,15,20,YKW,11,0.7859999999999999,3933
76,3,87,60,87,570,331,70,14,15,89,14,1,1,8,56,"Applehort, R.",90,338,1,240,58.1,"Applehort, R.",QB,1,73.9,8,60,43,0,15,13,COL,6,0.429,3565
77,4,90,1,90,608,412,60,14,15,93,8,1,1,9,50,"Bronko, K.",89,379,1,338,67.8,"Bronko, K.",QB,1,94.9,8,75,70,0,15,27,AZ,5,0.35700000000000004,3937
78,5,95,50,95,624,371,70,14,20,90,8,1,1,4,57,"Boss, M.",94,289,1,432,59.5,"Boss, M.",QB,1,99.2,8,50,50,0,20,36,OCO,10,0.7140000000000001,5043
79,6,84,60,84,561,304,70,14,15,84,31,1,1,13,47,"Pennington, B.",85,553,1,191,54.2,"(R) Pennington, B.",QB,1,51.1,8,49,54,0,15,7,SJS,1,0.071,3058
80,7,90,80,100,646,376,87,14,35,95,15,1,1,7,58,"Oles, T.",100,373,17,387,58.2,"Oles, T.",QB,17,89.6,8,75,70,0,30,36,PHI,7,0.5,4666
81,8,93,63,91,589,354,75,14,15,91,10,1,1,5,77,"Maximus III, B.",95,303,1,413,60.1,"Maximus III, B.",QB,1,93.6,8,65,50,0,15,31,NO,9,0.643,4375
82,1,95,80,95,553,350,85,14,30,95,12,1,1,3,61,"Blocksdale, A.",100,240,1,473,63.3,"Blocksdale, A.",QB,1,95.5,9,75,70,0,15,26,BAL,11,0.7859999999999999,4517
83,2,90,88,89,484,285,77,14,35,90,12,1,1,7,49,"Akselsen, M.",98,316,1,380,58.9,"Akselsen, M.",QB,1,80.6,9,90,55,0,15,18,YKW,7,0.5,3183
84,3,90,70,91,570,338,70,14,15,92,10,1,1,6,58,"Applehort, R.",95,347,1,333,59.3,"Applehort, R.",QB,1,90.3,9,70,57,0,15,27,COL,8,0.5710000000000001,4142
85,4,82,73,80,492,283,70,14,15,82,22,1,1,11,41,"Fitzpatrick, K.",86,433,1,219,57.5,"(R) Fitzpatrick, K.",QB,1,64.8,9,66,58,0,15,14,AZ,3,0.214,2822
86,5,90,50,90,665,381,67,14,20,88,15,1,1,5,61,"Boss, M.",90,293,1,445,57.3,"Boss, M.",QB,1,91.0,9,50,50,0,20,36,OCO,9,0.643,5187
87,6,89,62,88,525,312,70,14,15,88,18,1,1,12,43,"Pennington, B.",90,475,1,184,59.4,"Pennington, B.",QB,1,68.5,9,51,58,0,15,13,SJS,2,0.14300000000000002,2889
88,7,82,46,81,521,245,64,14,15,81,16,1,1,10,37,"Noble, L.",80,481,1,218,47.0,"Noble, L.",QB,1,52.2,9,40,45,0,15,5,PHI,4,0.28600000000000003,2567
89,8,95,67,93,594,356,80,14,22,94,9,1,1,2,68,"Maximus III, B.",99,197,1,530,59.9,"Maximus III, B.",QB,1,96.2,9,75,54,0,15,33,NO,12,0.857,4563
90,1,95,77,95,601,354,73,14,33,95,10,1,1,1,63,"Blocksdale, A.",100,273,1,486,58.9,"Blocksdale, A.",QB,1,91.9,10,75,70,0,15,31,BAL,13,0.929,4400
91,2,90,75,90,568,334,73,14,15,90,12,1,1,6,79,"Pennington, B.",95,319,1,373,58.8,"Pennington, B.",QB,1,87.8,10,65,70,0,15,24,YKW,8,0.5710000000000001,4283
92,3,94,70,94,657,377,70,14,32,95,14,1,1,5,80,"Applehort, R.",99,286,1,403,57.4,"Applehort, R.",QB,1,86.6,10,71,62,0,15,36,COL,9,0.643,4314
93,4,90,70,83,538,322,70,14,28,90,6,1,1,10,45,"Fitzpatrick, K.",93,349,1,293,59.9,"Fitzpatrick, K.",QB,1,84.1,10,73,50,0,15,17,AZ,4,0.28600000000000003,3392
94,5,92,60,85,548,306,70,14,15,87,8,1,1,7,48,"Showbiz, G.",91,299,1,247,55.8,"(R) Showbiz, G.",QB,1,77.3,10,60,57,0,15,13,OCO,7,0.5,3532
95,6,90,82,90,547,312,76,14,30,80,19,1,1,10,49,"Akselsen, M.",94,447,1,258,57.0,"Akselsen, M.",QB,1,73.9,10,81,53,0,15,19,SJS,4,0.28600000000000003,3570
96,7,80,45,80,356,155,50,14,15,80,13,1,1,14,36,"Noble, L.",78,475,1,162,43.5,"Noble, L.",QB,1,42.2,10,40,40,0,15,1,PHI,0,0.0,1551
97,8,95,71,95,635,382,88,14,34,95,12,1,1,3,56,"Maximus III, B.",100,279,1,505,60.2,"Maximus III, B.",QB,1,98.3,10,75,58,0,15,40,NO,11,0.7859999999999999,5026
98,1,95,75,95,559,350,83,14,35,95,16,1,1,5,54,"Applehort, R.",100,336,1,413,62.6,"Applehort, R.",QB,1,87.7,11,75,65,0,15,27,BAL,9,0.643,3930
99,2,90,75,90,540,312,73,14,15,90,13,1,1,10,50,"Pennington, B.",95,413,1,336,57.8,"Pennington, B.",QB,1,80.5,11,65,70,0,15,20,YKW,4,0.28600000000000003,3623
100,3,95,73,95,635,391,90,14,17,95,17,1,1,6,59,"McCormick, M.",100,417,1,422,61.6,"McCormick, M.",QB,1,86.6,11,65,65,0,15,29,COL,8,0.5710000000000001,4433
101,4,90,78,90,543,323,73,14,35,90,9,1,1,8,67,"Fitzpatrick, K.",96,381,1,376,59.5,"Fitzpatrick, K.",QB,1,92.9,11,80,54,0,15,30,AZ,6,0.429,3874
102,5,94,60,90,616,348,70,14,25,90,15,1,1,4,63,"Showbiz, G.",95,331,1,394,56.5,"Showbiz, G.",QB,1,82.9,11,70,61,0,15,30,OCO,10,0.7140000000000001,4094
103,6,90,56,85,476,272,70,14,15,91,19,1,1,13,40,"Christ, J.",90,411,1,228,57.1,"(R) Christ, J.",QB,1,65.0,11,56,54,0,15,10,SJS,1,0.071,2851
104,7,87,60,87,527,291,80,14,15,89,19,1,1,7,43,"Falconi, A.",91,313,1,309,55.2,"(R) Falconi, A.",QB,1,67.4,11,60,60,0,15,17,PHI,7,0.5,2977
105,8,95,73,95,622,376,100,14,35,95,15,1,1,3,58,"Maximus III, B.",100,340,1,464,60.5,"Maximus III, B.",QB,1,89.1,11,75,64,0,15,30,NO,11,0.7859999999999999,4564
106,1,91,73,93,562,349,78,14,15,93,10,1,1,6,64,"Gambino, C.",98,297,1,454,62.1,"Gambino, C.",QB,1,90.6,12,74,58,0,35,23,BAL,8,0.5710000000000001,4120
107,2,95,76,95,495,282,94,14,35,95,8,1,1,11,50,"Applehort, R.",100,429,1,287,57.0,"Applehort, R.",QB,1,80.6,12,75,70,0,15,18,YKW,3,0.214,3047
108,3,95,80,95,573,321,95,14,35,95,17,1,1,8,62,"McCormick, M.",100,495,1,356,56.0,"McCormick, M.",QB,1,81.9,12,75,70,0,15,28,COL,6,0.429,4019
109,4,94,80,90,550,336,80,14,35,94,17,1,1,7,61,"Fitzpatrick, K.",100,349,1,326,61.1,"Fitzpatrick, K.",QB,1,83.0,12,80,63,0,15,25,AZ,7,0.5,3666
110,5,95,65,93,637,358,70,14,25,95,13,1,1,3,64,"Showbiz, G.",99,267,1,383,56.2,"Showbiz, G.",QB,1,84.0,12,73,61,0,15,28,OCO,11,0.7859999999999999,4427
111,6,90,70,93,444,248,70,14,15,91,13,1,1,4,58,"Christ, J.",96,250,1,355,55.9,"Christ, J.",QB,1,84.6,12,70,60,0,15,24,SJS,10,0.7140000000000001,3212
112,7,90,60,90,369,213,85,14,15,90,18,1,1,7,46,"Falconi, A.",94,382,1,361,57.7,"Falconi, A.",QB,1,79.4,12,64,64,0,15,23,PHI,7,0.5,2550
113,8,95,80,95,702,417,100,14,35,95,13,1,1,10,76,"Maximus III, B.",100,399,25,346,59.4,"Maximus III, B.",QB,25,84.3,12,75,70,0,35,26,NO,4,0.28600000000000003,4732
114,1,95,73,93,688,383,78,14,15,95,17,1,1,10,67,"Gambino, C.",100,363,1,323,55.7,"Gambino, C.",QB,1,79.6,13,74,58,0,35,26,BAL,4,0.28600000000000003,4763
115,2,95,80,95,580,341,100,14,35,95,16,1,1,10,52,"Applehort, R.",100,457,25,342,58.8,"Applehort, R.",QB,25,79.8,13,75,70,0,35,21,YKW,4,0.28600000000000003,3913
116,3,95,80,95,534,322,89,14,35,95,14,1,1,6,52,"McCormick, M.",100,349,1,417,60.3,"McCormick, M.",QB,1,86.7,13,75,70,0,15,23,COL,8,0.5710000000000001,3964
117,4,93,80,90,519,289,80,14,34,94,12,1,1,9,50,"Fitzpatrick, K.",100,410,1,338,55.7,"Fitzpatrick, K.",QB,1,79.8,13,81,66,0,15,24,AZ,5,0.35700000000000004,3180
118,5,95,75,95,647,369,75,14,25,95,23,1,1,5,65,"Showbiz, G.",100,329,1,363,57.0,"Showbiz, G.",QB,1,81.7,13,75,61,0,15,30,OCO,9,0.643,4877
119,6,90,70,97,430,256,78,14,15,92,12,1,1,2,68,"Christ, J.",98,276,1,419,59.5,"Christ, J.",QB,1,93.4,13,70,60,0,15,27,SJS,12,0.857,3341
120,7,92,60,91,475,278,85,14,15,95,11,1,1,6,60,"Falconi, A.",97,377,1,413,58.5,"Falconi, A.",QB,1,91.4,13,68,68,0,15,24,PHI,8,0.5710000000000001,3798
121,8,95,66,95,651,361,100,14,35,95,15,1,1,8,53,"Maximus III, B.",100,397,1,343,55.5,"Maximus III, B.",QB,1,76.9,13,76,50,0,15,21,NO,6,0.429,4286
122,1,95,76,95,543,339,90,14,15,95,8,1,1,3,68,"Gambino, C.",100,310,1,448,62.4,"Gambino, C.",QB,1,104.1,14,75,58,0,35,36,BAL,11,0.7859999999999999,4433
123,2,95,80,95,527,291,99,14,15,95,7,1,1,8,59,"Applehort, R.",100,326,1,310,55.2,"Applehort, R.",QB,1,81.4,14,75,70,0,15,22,YKW,6,0.429,3156
124,3,95,70,95,674,387,82,14,35,95,18,1,1,10,58,"McCormick, M.",100,442,1,368,57.4,"McCormick, M.",QB,1,85.1,14,75,70,0,15,31,COL,4,0.28600000000000003,5007
125,4,93,80,85,517,284,82,14,35,90,12,1,1,12,38,"Reese, A.",97,523,1,224,54.9,"Reese, A.",QB,1,70.5,14,75,70,0,34,16,AZ,2,0.14300000000000002,2727
126,5,95,80,95,602,331,84,14,25,95,11,1,1,3,62,"Showbiz, G.",100,281,1,441,55.0,"Showbiz, G.",QB,1,91.9,14,75,61,0,15,38,OCO,11,0.7859999999999999,4412
127,6,90,70,100,464,275,82,14,15,92,8,1,1,5,59,"Christ, J.",99,233,1,392,59.3,"Christ, J.",QB,1,94.6,14,74,60,0,15,27,SJS,9,0.643,3438
128,7,95,72,95,540,304,87,14,15,95,13,1,1,5,55,"Falconi, A.",100,331,1,337,56.3,"Falconi, A.",QB,1,87.9,14,68,70,0,15,28,PHI,9,0.643,4106
129,8,90,66,95,506,263,90,14,35,90,9,1,1,10,74,"Maximus III, B.",97,405,1,331,52.0,"Maximus III, B.",QB,1,82.2,14,75,50,0,15,22,NO,4,0.28600000000000003,3610
130,1,95,70,95,541,321,80,14,15,93,9,1,1,2,86,"Gambino, C.",99,297,1,520,59.3,"Gambino, C.",QB,1,105.7,15,70,50,0,16,45,BAL,12,0.857,4328
131,2,90,52,90,521,293,60,14,25,90,13,1,1,7,43,"Bigsby, C.",91,305,1,358,56.2,"Bigsby, C.",QB,1,80.7,15,60,58,0,15,23,YKW,7,0.5,3426
132,3,93,56,93,524,299,60,14,17,93,20,1,1,12,71,"McCormick, M.",95,474,1,258,57.1,"McCormick, M.",QB,1,73.7,15,66,56,0,15,20,COL,2,0.14300000000000002,3429
133,4,95,80,91,582,318,84,14,35,93,10,1,1,8,61,"Reese, A.",100,373,1,351,54.6,"Reese, A.",QB,1,80.8,15,75,70,0,15,27,AZ,6,0.429,3481
134,5,95,80,95,594,336,90,14,25,95,15,1,1,6,63,"Showbiz, G.",100,299,1,351,56.6,"Showbiz, G.",QB,1,82.2,15,75,61,0,15,25,OCO,8,0.5710000000000001,4204
135,6,90,75,100,465,266,84,14,20,95,13,1,1,3,77,"Christ, J.",100,265,1,326,57.2,"Christ, J.",QB,1,82.3,15,75,60,0,15,17,SJS,11,0.7859999999999999,3576
136,7,95,79,95,528,304,90,14,15,95,10,1,1,6,57,"Falconi, A.",100,309,1,340,57.6,"Falconi, A.",QB,1,80.4,15,75,70,0,15,20,PHI,8,0.5710000000000001,3247
137,8,90,66,86,486,262,80,14,35,85,15,1,1,12,50,"Maximus III, B.",92,465,1,283,53.9,"Maximus III, B.",QB,1,71.3,15,74,50,0,15,17,NO,2,0.14300000000000002,2972
138,1,94,60,90,483,267,65,13,15,95,11,1,1,6,67,"Havran, C.",97,268,1,324,55.3,"Havran (R), C.",QB,1,76.4,16,72,62,0,15,14,BAL,7,0.5379999999999999,3258
139,2,90,52,93,608,358,65,13,25,95,14,1,1,3,70,"Bigsby, C.",95,312,1,418,58.9,"Bigsby, C.",QB,1,90.3,16,74,62,0,15,33,YKW,10,0.769,4468
140,3,85,59,85,467,249,60,13,15,84,21,1,1,12,56,"McDummy, W.",86,424,1,208,53.3,"McDummy (R), W.",QB,1,59.3,16,54,48,0,15,11,COL,1,0.077,2655
141,4,95,80,95,484,277,92,13,35,95,9,1,1,6,58,"Reese, A.",100,273,1,297,57.2,"Reese, A.",QB,1,83.1,16,75,70,0,15,20,AZ,7,0.5379999999999999,3173
142,5,95,72,95,527,316,80,13,25,95,10,1,1,3,71,"Showbiz, G.",100,244,1,417,60.0,"Showbiz, G.",QB,1,100.7,16,75,57,0,15,34,OCO,10,0.769,4428
143,6,90,75,100,435,268,85,13,22,95,7,1,1,6,53,"Christ, J.",100,311,1,337,61.6,"Christ, J.",QB,1,98.1,16,75,60,0,15,26,SJS,7,0.5379999999999999,3283
144,7,95,80,95,476,278,96,13,34,95,15,1,1,6,66,"Falconi, A.",100,306,1,397,58.4,"Falconi, A.",QB,1,95.2,16,75,70,0,15,36,PHI,7,0.5379999999999999,3693
145,8,89,62,84,433,237,60,13,15,90,10,1,1,7,93,"Francisco, S.",92,381,1,309,54.7,"Francisco, S.",QB,1,75.7,16,75,60,0,15,15,NO,6,0.462,2711
146,9,90,70,90,388,216,80,13,15,83,7,1,1,3,63,"Jenkins, R.",93,257,1,307,55.7,"Jenkins (R), R.",QB,1,89.8,16,72,61,0,15,18,CHI,10,0.769,3106
147,10,82,1,81,416,217,60,13,15,86,21,1,1,13,43,"Cole, E.",79,424,1,186,52.2,"Cole (R), E.",QB,1,55.3,16,60,60,0,15,9,AUS,0,0.0,2351
148,1,95,70,95,475,284,72,13,23,95,11,1,1,5,65,"Havran, C.",100,305,1,343,59.8,"Havran, C.",QB,1,95.5,17,75,70,0,15,31,BAL,8,0.615,3590
149,2,90,70,100,618,334,70,13,35,95,15,1,1,5,64,"Bigsby, C.",100,267,1,361,54.0,"Bigsby, C.",QB,1,80.3,17,75,70,0,15,31,YKW,8,0.615,3945
150,3,90,63,90,423,230,60,13,15,90,11,1,1,8,42,"McDummy, W.",92,364,1,230,54.4,"McDummy, W.",QB,1,64.4,17,54,53,0,15,7,COL,5,0.385,2267
151,4,95,80,95,616,343,100,13,35,95,15,1,1,4,64,"Reese, A.",100,268,1,394,55.7,"Reese, A.",QB,25,79.8,17,75,70,0,35,24,AZ,9,0.6920000000000001,4210
152,5,91,55,90,492,263,70,13,15,92,13,1,1,6,56,"Armstrong, F.",95,275,1,361,53.5,"Armstrong (R), F.",QB,1,78.2,17,79,64,0,15,23,OCO,7,0.5379999999999999,3191
153,6,90,70,99,481,292,81,13,16,93,5,1,1,7,47,"Christ, J.",99,332,1,280,60.7,"Christ, J.",QB,1,94.3,17,70,60,0,15,21,SJS,6,0.462,3627
154,7,95,72,95,516,293,90,13,15,95,12,1,1,8,46,"Falconi, A.",100,388,1,298,56.8,"Falconi, A.",QB,1,82.0,17,67,52,0,15,24,PHI,5,0.385,3322
155,8,95,50,90,463,259,60,13,15,91,7,1,1,9,59,"Francisco, S.",95,367,1,313,55.9,"Francisco, S.",QB,1,84.5,17,75,60,0,15,15,NO,4,0.308,3483
156,9,90,70,90,325,202,80,13,15,93,8,1,1,5,65,"Jenkins, R.",97,268,1,336,62.2,"Jenkins, R.",QB,1,94.0,17,75,61,0,15,18,CHI,8,0.615,2491
157,10,87,55,86,526,317,60,13,15,90,11,1,1,8,41,"Cole, E.",90,343,1,261,60.3,"Cole, E.",QB,1,78.9,17,64,64,0,15,15,AUS,5,0.385,3260
158,1,95,80,95,557,315,85,13,23,95,9,1,1,7,57,"Havran, C.",100,346,1,366,56.6,"Havran, C.",QB,1,92.1,18,75,70,0,23,28,BAL,6,0.462,4387
159,2,90,80,100,576,339,82,13,35,95,13,1,1,2,56,"Bigsby, C.",100,239,1,393,58.9,"Bigsby, C.",QB,1,91.5,18,75,70,0,15,31,YKW,11,0.846,4398
160,3,94,60,90,461,249,60,13,15,94,8,1,1,8,77,"McDummy, W.",96,339,1,271,54.0,"McDummy, W.",QB,1,78.1,18,70,55,0,15,18,COL,5,0.385,2794
161,4,95,80,95,515,314,94,13,35,95,12,1,1,4,79,"Reese, A.",100,291,1,355,61.0,"Reese, A.",QB,1,94.9,18,75,70,0,15,30,AZ,9,0.6920000000000001,3987
162,5,95,60,90,381,225,70,13,35,95,9,1,1,3,58,"Armstrong, F.",98,233,1,363,59.1,"Armstrong, F.",QB,1,88.6,18,79,68,0,15,18,OCO,10,0.769,2868
163,6,82,78,90,385,188,80,13,35,81,15,1,1,9,31,"Wright, D.",91,338,25,184,48.8,"Wright, D.",QB,25,55.9,18,75,70,0,35,9,SJS,4,0.308,1996
164,7,93,70,91,498,268,80,13,15,94,13,1,1,9,50,"Falconi, A.",98,317,1,286,53.8,"Falconi, A.",QB,1,77.3,18,71,56,0,15,21,PHI,4,0.308,3248
165,8,95,50,95,479,277,58,13,15,95,16,1,1,8,47,"Francisco, S.",98,327,1,285,57.8,"Francisco, S.",QB,1,77.9,18,75,60,0,15,17,NO,5,0.385,3411
166,9,90,70,97,530,302,80,13,15,95,16,1,1,8,51,"Jenkins, R.",99,350,1,300,57.0,"Jenkins, R.",QB,1,77.0,18,75,61,0,15,18,CHI,5,0.385,3652
167,10,90,55,90,488,290,63,13,15,94,14,1,1,7,56,"Cole, E.",94,390,1,367,59.4,"Cole, E.",QB,1,91.7,18,70,70,0,15,31,AUS,6,0.462,3620
168,1,95,80,95,468,285,97,13,35,95,8,1,1,5,56,"Havran, C.",100,266,1,371,60.9,"Havran, C.",QB,1,97.5,19,75,70,0,23,27,BAL,8,0.615,3653
169,2,90,80,100,545,312,91,13,35,95,15,1,1,4,50,"Bigsby, C.",100,331,1,383,57.2,"Bigsby, C.",QB,1,87.2,19,75,70,0,15,29,YKW,9,0.6920000000000001,4071
170,3,95,68,92,450,272,70,13,30,95,10,1,1,5,54,"McDummy, W.",99,275,1,326,60.4,"McDummy, W.",QB,1,90.8,19,75,70,0,15,24,COL,8,0.615,3218
171,4,95,73,95,578,336,90,13,15,95,18,1,1,8,54,"Reese, A.",100,355,1,338,58.1,"Reese, A.",QB,1,81.2,19,70,50,0,15,26,AZ,5,0.385,3981
172,5,95,80,90,429,252,80,13,35,95,9,1,1,4,64,"Armstrong, F.",100,243,1,357,58.7,"Armstrong, F.",QB,1,93.2,19,79,80,0,15,24,OCO,9,0.6920000000000001,3321
173,6,90,80,95,410,211,80,13,35,81,13,1,1,9,39,"Wright, D.",96,406,25,187,51.5,"Wright, D.",QB,25,65.6,19,75,70,0,35,12,SJS,4,0.308,2372
174,7,90,60,90,405,228,70,13,15,90,7,1,1,7,49,"Falconi, A.",92,278,1,280,56.3,"Falconi, A.",QB,1,80.3,19,60,47,0,15,13,PHI,6,0.462,2699
175,8,95,50,95,408,225,88,13,15,95,11,1,1,5,53,"Francisco, S.",99,271,1,341,55.1,"Francisco, S.",QB,1,79.5,19,75,60,0,15,18,NO,8,0.615,2739
176,9,90,80,99,578,326,88,13,15,95,15,1,1,10,43,"Jenkins, R.",100,392,1,223,56.4,"Jenkins, R.",QB,1,71.4,19,75,61,0,15,11,CHI,3,0.231,3716
177,10,95,55,95,462,271,63,13,15,95,13,1,1,8,69,"Cole, E.",98,288,1,299,58.7,"Cole, E.",QB,1,82.2,19,73,70,0,15,18,AUS,5,0.385,3318
178,1,95,80,95,444,255,100,13,35,95,10,25,25,7,49,"Havran, C.",100,317,25,306,57.4,"Havran, C.",QB,25,86.0,20,75,70,0,35,20,BAL,6,0.462,3240
179,2,90,80,100,482,271,100,13,35,95,9,1,1,4,56,"Bigsby, C.",100,294,1,351,56.2,"Bigsby, C.",QB,1,83.9,20,75,70,0,15,18,YKW,9,0.6920000000000001,3503
180,3,95,80,95,446,266,80,13,35,95,9,1,1,6,52,"McDummy, W.",100,280,1,309,59.6,"McDummy, W.",QB,1,86.6,20,75,70,0,15,18,COL,7,0.5379999999999999,3190
181,4,90,70,90,507,288,80,13,15,90,9,1,1,6,65,"Cue, J.",96,328,1,317,56.8,"Cue (R), J.",QB,1,91.5,20,79,50,0,15,26,AZ,7,0.5379999999999999,3942
182,5,95,80,90,388,212,93,13,35,95,7,1,1,6,59,"Armstrong, F.",100,278,1,371,54.6,"Armstrong, F.",QB,1,86.1,20,79,80,0,15,17,OCO,7,0.5379999999999999,2920
183,6,90,80,95,376,192,80,13,35,81,15,1,1,8,62,"Wright, D.",96,423,25,275,51.1,"Wright, D.",QB,25,74.9,20,75,70,0,35,18,SJS,5,0.385,2791
184,7,94,50,90,420,232,60,13,15,80,9,1,1,8,49,"Phoenix, B.",89,275,1,242,55.2,"Phoenix (R), B.",QB,1,77.8,20,60,50,0,15,14,PHI,5,0.385,2770
185,8,95,70,95,431,256,93,13,15,95,11,1,1,6,64,"Francisco, S.",100,294,1,315,59.4,"Francisco, S.",QB,1,86.2,20,75,70,0,15,21,NO,7,0.5379999999999999,2998
186,9,90,80,99,614,347,96,13,15,95,12,1,1,9,55,"Jenkins, R.",100,408,1,321,56.5,"Jenkins, R.",QB,1,85.2,20,75,61,0,15,28,CHI,4,0.308,4275
187,10,95,80,95,531,295,78,13,15,95,11,1,1,5,60,"Cole, E.",100,260,1,350,55.6,"Cole, E.",QB,1,85.3,20,75,70,0,15,27,AUS,8,0.615,3647
188,1,95,80,95,433,236,100,13,15,95,4,1,1,4,54,"Havran, C.",100,290,1,354,54.5,"Havran, C.",QB,1,100.4,21,75,70,0,15,32,BAL,9,0.6920000000000001,3333
189,2,90,80,98,477,277,99,13,35,95,7,1,1,6,55,"Bigsby, C.",100,308,1,315,58.1,"Bigsby, C.",QB,1,90.6,21,75,70,0,15,20,YKW,7,0.5379999999999999,3696
190,3,95,80,95,498,280,95,13,35,95,7,1,1,5,59,"McDummy, W.",100,299,1,323,56.2,"McDummy, W.",QB,1,86.3,21,75,70,0,15,21,COL,8,0.615,3490
191,4,90,82,90,503,277,90,13,15,90,10,1,1,10,45,"Cue, J.",98,379,1,253,55.1,"Cue, J.",QB,1,82.8,21,80,60,0,15,21,AZ,3,0.231,3522
192,5,95,80,90,389,247,100,13,35,95,2,1,1,3,50,"Armstrong, F.",100,230,1,360,63.5,"Armstrong, F.",QB,1,109.3,21,79,80,0,15,26,OCO,10,0.769,3190
193,6,90,80,98,410,227,80,13,35,95,7,1,1,9,54,"Wright, D.",100,289,25,221,55.4,"Wright, D.",QB,25,76.8,21,75,70,0,35,10,SJS,4,0.308,2715
194,7,95,50,90,435,233,72,13,15,90,10,1,1,10,54,"Phoenix, B.",93,356,1,248,53.6,"Phoenix, B.",QB,1,76.5,21,60,50,0,15,15,PHI,3,0.231,2914
195,8,95,70,95,403,239,90,13,15,95,5,1,1,4,53,"Francisco, S.",100,260,1,374,59.3,"Francisco, S.",QB,1,98.8,21,75,51,0,15,23,NO,9,0.6920000000000001,3233
196,9,90,75,99,464,267,90,13,15,95,8,1,1,8,57,"Jenkins, R.",100,357,1,336,57.5,"Jenkins, R.",QB,1,89.2,21,75,40,0,15,24,CHI,5,0.385,3242
197,10,95,80,95,509,293,95,13,15,95,11,1,1,6,47,"Cole, E.",100,334,1,318,57.6,"Cole, E.",QB,1,85.6,21,75,70,0,15,22,AUS,7,0.5379999999999999,3686
198,1,90,45,88,371,204,51,13,15,91,7,1,1,10,40,"Fujiwara, C.",90,283,1,195,55.0,"Fujiwara (R), C.",QB,1,70.4,22,66,43,0,15,9,BAL,3,0.231,1979
199,2,90,76,98,445,252,85,13,35,95,8,1,1,2,45,"Bigsby, C.",100,196,1,406,56.6,"Bigsby, C.",QB,1,93.6,22,75,70,0,15,29,YKW,11,0.846,3213
200,3,95,80,90,411,238,100,13,35,95,7,25,25,5,61,"McDummy, W.",100,208,25,295,57.9,"McDummy, W.",QB,25,84.4,22,79,80,0,35,16,COL,8,0.615,2777
201,4,90,90,90,520,293,90,13,15,90,8,1,1,8,55,"Cue, J.",100,306,1,246,56.3,"Cue, J.",QB,1,79.7,22,90,60,1,15,15,AZ,4,0.34600000000000003,3429
202,5,95,80,90,401,233,100,13,35,95,8,1,1,3,53,"Armstrong, F.",100,234,1,341,58.1,"Armstrong, F.",QB,1,86.7,22,79,80,0,15,17,OCO,10,0.769,2922
203,6,90,75,98,361,221,70,13,15,95,7,1,1,5,42,"Wright, D.",99,251,1,288,61.2,"Wright, D.",QB,1,95.2,22,75,46,0,15,21,SJS,8,0.615,2669
204,7,95,54,95,409,223,80,13,15,90,8,1,1,7,46,"Phoenix, B.",96,263,1,252,54.5,"Phoenix, B.",QB,1,76.7,22,60,50,0,15,15,PHI,6,0.462,2468
205,8,95,50,95,435,230,88,13,15,95,9,1,1,5,45,"Francisco, S.",98,257,1,269,52.9,"Francisco, S.",QB,1,76.6,22,70,42,0,15,18,NO,8,0.615,2636
206,9,71,45,71,158,68,50,5,15,72,10,1,1,12,37,"LaFleur, F.",69,389,1,111,43.0,"LaFleur, F.",QB,1,30.1,22,40,40,0,15,0,CHI,1,0.077,704
207,10,95,80,90,451,256,100,13,15,95,9,1,1,4,50,"Cole, E.",100,251,25,368,56.8,"Cole, E.",QB,25,90.7,22,79,80,1,15,26,AUS,8,0.654,3293
208,11,90,70,91,479,253,86,13,15,90,13,1,1,7,65,"Jenkins, R.",96,266,1,219,52.8,"Jenkins, R.",QB,1,69.1,22,75,40,0,15,10,SAR,6,0.462,3140
209,11,90,45,86,229,130,50,8,15,88,8,1,1,7,53,"Vega, Z.",86,266,1,219,56.8,"Vega, Z.",QB,1,68.1,22,40,40,0,15,4,SAR,6,0.462,1509
210,12,95,80,95,362,212,89,13,15,95,9,1,1,9,49,"Havran, C.",100,280,1,194,58.6,"Havran, C.",QB,1,75.2,22,75,70,0,15,8,HON,4,0.308,2374
211,1,90,61,94,487,268,51,16,15,95,11,1,1,8,60,"Fujiwara, C.",95,337,1,329,55.0,"Fujiwara, C.",QB,1,78.4,23,66,50,0,15,18,BAL,8,0.5,3215
212,2,90,79,90,573,337,80,16,25,95,14,1,1,6,57,"Bigsby, C.",98,337,1,406,58.8,"Bigsby, C.",QB,1,81.5,23,75,70,0,15,21,YKW,10,0.625,3899
213,3,95,80,90,600,343,100,16,35,95,11,1,1,6,52,"McDummy, W.",100,285,1,354,57.2,"McDummy, W.",QB,1,78.4,23,79,80,0,15,18,COL,10,0.625,3792
214,4,90,90,90,587,334,100,16,32,90,13,1,1,8,77,"Cue, J.",100,306,1,428,56.9,"Cue, J.",QB,1,83.6,23,90,60,0,15,27,AZ,8,0.5,3944
215,5,95,80,90,493,279,89,16,35,95,8,1,1,5,54,"Armstrong, F.",100,310,1,422,56.6,"Armstrong, F.",QB,1,88.2,23,79,80,0,15,24,OCO,11,0.688,3492
216,6,90,45,95,439,246,57,16,15,90,15,1,1,11,52,"Jack, "".",90,410,1,236,56.0,"Jack (R), "".",QB,1,67.1,23,50,40,0,15,9,SJS,5,0.312,2715
217,7,95,70,95,512,279,80,16,15,95,11,1,1,7,45,"Phoenix, B.",100,291,1,378,54.5,"Phoenix, B.",QB,1,80.4,23,74,70,0,15,23,PHI,9,0.562,3307
218,8,95,50,90,516,285,80,16,15,95,14,1,1,7,58,"Francisco, S.",95,385,1,364,55.2,"Francisco, S.",QB,1,79.5,23,62,42,0,15,23,NO,9,0.562,3446
219,9,92,45,90,504,275,80,16,15,91,12,1,1,13,58,"O'Donnell, G.",93,407,1,214,54.6,"O'Donnell (R), G.",QB,1,69.7,23,65,40,0,15,10,CHI,3,0.188,3083
220,10,95,80,90,523,304,95,16,15,95,14,1,1,8,88,"Cole, E.",100,349,25,353,58.1,"Cole, E.",QB,25,83.2,23,79,80,0,15,21,AUS,8,0.5,3821
221,11,90,84,90,510,279,98,16,35,90,13,1,1,8,49,"Banks II, D.",99,376,1,314,54.7,"Banks II, D.",QB,1,79.0,23,90,60,0,15,21,SAR,8,0.5,3453
222,12,95,45,95,492,268,80,16,15,95,11,1,1,9,50,"Havran, C.",98,315,1,310,54.5,"Havran, C.",QB,1,71.9,23,75,70,0,15,13,HON,7,0.43799999999999994,2947
223,1,90,70,98,501,259,75,16,15,95,17,1,1,13,56,"Fujiwara, C.",99,440,1,320,51.7,"Fujiwara, C.",QB,1,74.1,24,70,62,0,15,22,BAL,3,0.188,3414
224,2,90,70,90,538,285,70,16,15,90,16,1,1,10,47,"Jack, C.",97,397,1,353,53.0,"Jack (R), C.",QB,1,76.6,24,90,60,0,15,25,YKW,6,0.375,3524
225,3,95,76,90,544,340,85,16,35,95,9,1,1,2,54,"McDummy, W.",100,290,1,455,62.5,"McDummy, W.",QB,1,96.9,24,79,80,0,15,31,COL,14,0.875,4002
226,4,90,90,90,603,336,100,16,35,90,17,1,1,7,67,"Cue, J.",100,370,1,348,55.7,"Cue, J.",QB,1,78.2,24,90,60,0,35,23,AZ,9,0.562,4152
227,5,95,80,90,571,351,75,16,15,95,11,1,1,7,57,"Armstrong, F.",100,278,1,375,61.5,"Armstrong, F.",QB,1,88.4,24,79,71,0,15,21,OCO,9,0.562,4225
228,6,90,45,100,494,289,57,16,15,95,8,1,1,7,59,"Jack, M.",95,308,1,342,58.5,"Jack, M.",QB,1,89.5,24,63,40,0,15,21,SJS,9,0.562,3708
229,7,95,80,90,536,308,90,16,18,95,13,1,1,13,83,"Phoenix, B.",100,440,1,290,57.5,"Phoenix, B.",QB,1,76.6,24,79,80,0,15,15,PHI,3,0.188,3524
230,8,90,52,93,514,288,65,16,25,95,8,1,1,7,54,"Slothlisberger, B.",95,305,1,336,56.0,"Slothlisberger (R), B.",QB,1,85.8,24,74,62,0,15,22,NO,9,0.562,3605
231,9,95,45,95,615,354,80,16,15,95,9,1,1,9,47,"O'Donnell, G.",97,403,1,301,57.6,"O'Donnell, G.",QB,1,81.7,24,65,40,0,15,20,CHI,7,0.43799999999999994,3974
232,10,95,80,90,536,316,85,16,15,95,9,1,1,9,60,"Cole, E.",100,363,1,393,59.0,"Cole, E.",QB,1,90.5,24,79,80,0,15,22,AUS,7,0.43799999999999994,4192
233,11,90,90,90,629,339,90,16,35,90,19,1,1,4,73,"Banks II, D.",100,294,1,431,53.9,"Banks II, D.",QB,1,84.7,24,90,60,0,15,32,SAR,12,0.75,5033
234,12,91,50,90,475,273,80,16,15,90,8,1,1,8,49,"Skywalker, L.",94,391,1,335,57.5,"Skywalker (R), L.",QB,1,83.3,24,79,45,0,15,19,HON,8,0.5,3077
235,1,90,74,98,173,85,80,4,15,95,6,1,1,2,66,"Fujiwara, C.",100,87,1,78,49.1,"Fujiwara (C), C.",QB,1,69.0,25,75,70,0,15,6,BAL,2,0.5,1200
236,2,90,78,90,143,72,80,4,15,90,3,1,1,3,45,"Jack, C.",98,90,1,84,50.3,"Jack, C.",QB,1,72.0,25,90,60,0,15,5,YKW,1,0.25,858
237,3,95,70,90,153,86,65,4,15,95,2,1,1,1,53,"McDummy, W.",99,67,1,83,56.2,"McDummy (C), W.",QB,1,88.1,25,79,70,0,15,6,COL,3,0.75,1158
238,4,90,90,90,166,94,100,4,15,90,6,1,1,3,51,"Cue, J.",100,107,1,90,56.6,"Cue (C), J.",QB,1,71.2,25,90,60,0,15,4,AZ,1,0.25,1153
239,5,90,75,90,125,69,71,4,33,90,3,1,1,0,64,"Ramza, S.",96,77,1,125,55.2,"Ramza (R), S.",QB,1,91.6,25,90,30,0,15,8,OCO,4,1.0,967
240,6,90,45,100,122,72,64,4,15,95,4,1,1,2,53,"Jack, M.",97,106,1,99,59.0,"Jack, M.",QB,1,81.5,25,75,58,0,15,6,SJS,2,0.5,804
241,7,95,80,90,127,66,92,4,35,95,3,1,1,2,79,"Phoenix, B.",100,110,1,115,52.0,"Phoenix (C), B.",QB,1,89.9,25,79,80,0,15,9,PHI,2,0.5,936
242,8,90,54,97,131,80,70,4,25,95,4,1,1,2,36,"Slothlisberger, B.",97,118,1,104,61.1,"Slothlisberger, B.",QB,1,85.1,25,75,66,0,15,6,NO,2,0.5,929
243,9,95,65,95,193,112,80,4,15,95,3,1,1,1,49,"O'Donnell, G.",99,72,1,82,58.0,"O'Donnell, G.",QB,1,77.0,25,65,57,0,15,5,CHI,3,0.75,1129
244,10,90,70,89,132,77,85,4,15,90,6,1,1,2,42,"Cole, E.",96,101,1,92,58.3,"Cole (C), E.",QB,1,68.7,25,79,74,0,15,4,AUS,2,0.5,851
245,11,90,78,90,118,66,74,4,35,90,5,1,1,2,64,"Banks II, D.",98,74,1,69,55.9,"Banks II, D.",QB,1,67.7,25,90,60,0,15,2,SAR,2,0.5,879
246,12,92,50,90,149,86,80,4,15,92,4,1,1,2,53,"Skywalker, L.",95,113,1,136,57.7,"Skywalker (C), L.",QB,1,83.1,25,79,45,0,15,7,HON,2,0.5,1016
247,13,87,80,81,140,84,76,4,35,91,7,1,1,2,36,"Kaepercolin, N.",93,95,1,86,60.0,"Kaepercolin, N.",QB,1,69.9,25,79,60,0,15,5,BER,2,0.5,897
248,14,90,45,90,133,75,60,4,15,90,5,1,1,4,60,"Howitzer, S.",92,113,1,87,56.4,"Howitzer (R) (C), S.",QB,1,74.5,25,72,50,0,15,5,NY,0,0.0,912
