,teamID,ACC,AGI,ARM,Avg,END,G,HND,INT,Inside 20,KAc,KDi,L,Long,Name,OVR,PA,PBl,PF,Player,Pos,Punts,RBl,S,SPE,STR,T,TCK,Team,W,WPct,Yds
0,1,1.0,35.0,20.0,45.0,66.0,14.0,15.0,61.0,16.0,80.0,80.0,10,67.0,"Harris, S.",74.0,330,1.0,254,"Harris, S.",P,105.0,1.0,1,45.0,25.0,0,25.0,BAL,4,0.28600000000000003,4726.0
1,2,1.0,32.0,20.0,44.1,67.0,14.0,15.0,70.0,11.0,74.0,78.0,6,69.0,"Booter, A.",72.0,225,1.0,256,"Booter, A.",K,98.0,1.0,1,34.0,27.0,0,17.0,YKW,8,0.5710000000000001,4324.0
2,2,1.0,35.0,20.0,36.8,65.0,1.0,15.0,55.0,0.0,75.0,71.0,6,43.0,"Ellis, R.",66.0,225,1.0,256,"Ellis, R.",P,4.0,1.0,1,40.0,20.0,0,15.0,YKW,8,0.5710000000000001,147.0
3,3,1.0,35.0,20.0,45.2,65.0,14.0,15.0,60.0,16.0,75.0,75.0,6,65.0,"Darkapple, J.",69.0,253,1.0,250,"Darkapple, J.",P,111.0,1.0,1,40.0,20.0,0,15.0,COL,8,0.5710000000000001,5016.0
4,4,1.0,30.0,20.0,42.5,70.0,14.0,15.0,60.0,18.0,78.0,65.0,5,63.0,"Nugent, A.",67.0,204,1.0,277,"Nugent, A.",K,119.0,1.0,1,30.0,15.0,0,15.0,ARI,9,0.643,5058.0
5,5,1.0,35.0,20.0,43.1,65.0,8.0,15.0,65.0,8.0,72.0,70.0,5,64.0,"Walsh, B.",68.0,196,1.0,249,"Walsh, B.",K,48.0,1.0,1,40.0,20.0,0,15.0,OCO,9,0.643,2071.0
6,5,1.0,30.0,20.0,43.4,65.0,6.0,15.0,50.0,5.0,66.0,81.0,5,59.0,"Ronaldo, C.",65.0,196,1.0,249,"Ronaldo, C.",P,36.0,1.0,1,30.0,25.0,0,15.0,OCO,9,0.643,1563.0
7,6,1.0,35.0,30.0,43.4,65.0,14.0,15.0,55.0,14.0,71.0,71.0,10,64.0,"Laces, K.",66.0,291,1.0,213,"Laces, K.",K,99.0,1.0,1,50.0,20.0,0,15.0,SJS,4,0.28600000000000003,4293.0
8,1,1.0,35.0,20.0,45.0,66.0,14.0,15.0,61.0,16.0,80.0,80.0,10,67.0,"Harris, S.",74.0,330,1.0,254,"Harris, S.",P,105.0,1.0,1,45.0,25.0,0,25.0,BAL,4,0.28600000000000003,4726.0
9,2,1.0,32.0,20.0,44.1,67.0,14.0,15.0,70.0,11.0,74.0,78.0,6,69.0,"Booter, A.",72.0,225,1.0,256,"Booter, A.",K,98.0,1.0,1,34.0,27.0,0,17.0,YKW,8,0.5710000000000001,4324.0
10,2,1.0,35.0,20.0,36.8,65.0,1.0,15.0,55.0,0.0,75.0,71.0,6,43.0,"Ellis, R.",66.0,225,1.0,256,"Ellis, R.",P,4.0,1.0,1,40.0,20.0,0,15.0,YKW,8,0.5710000000000001,147.0
11,3,1.0,35.0,20.0,45.2,65.0,14.0,15.0,60.0,16.0,75.0,75.0,6,65.0,"Darkapple, J.",69.0,253,1.0,250,"Darkapple, J.",P,111.0,1.0,1,40.0,20.0,0,15.0,COL,8,0.5710000000000001,5016.0
12,4,1.0,30.0,20.0,42.5,70.0,14.0,15.0,60.0,18.0,78.0,65.0,5,63.0,"Nugent, A.",67.0,204,1.0,277,"Nugent, A.",K,119.0,1.0,1,30.0,15.0,0,15.0,ARI,9,0.643,5058.0
13,5,1.0,35.0,20.0,43.1,65.0,8.0,15.0,65.0,8.0,72.0,70.0,5,64.0,"Walsh, B.",68.0,196,1.0,249,"Walsh, B.",K,48.0,1.0,1,40.0,20.0,0,15.0,OCO,9,0.643,2071.0
14,5,1.0,30.0,20.0,43.4,65.0,6.0,15.0,50.0,5.0,66.0,81.0,5,59.0,"Ronaldo, C.",65.0,196,1.0,249,"Ronaldo, C.",P,36.0,1.0,1,30.0,25.0,0,15.0,OCO,9,0.643,1563.0
15,6,1.0,35.0,30.0,43.4,65.0,14.0,15.0,55.0,14.0,71.0,71.0,10,64.0,"Laces, K.",66.0,291,1.0,213,"Laces, K.",K,99.0,1.0,1,50.0,20.0,0,15.0,SJS,4,0.28600000000000003,4293.0
16,1,1.0,30.0,20.0,44.0,68.0,14.0,15.0,67.0,16.0,89.0,81.0,6,67.0,"Turkleton, T.",78.0,270,1.0,268,"Turkleton, T.",K,103.0,1.0,2,30.0,25.0,0,15.0,BAL,8,0.5710000000000001,4529.0
17,2,1.0,32.0,20.0,44.4,71.0,14.0,15.0,72.0,13.0,80.0,82.0,6,65.0,"Booter, A.",77.0,295,1.0,300,"Booter, A.",K,87.0,1.0,2,35.0,27.0,0,17.0,YKW,8,0.5710000000000001,3867.0
18,3,1.0,30.0,20.0,45.2,65.0,14.0,15.0,60.0,19.0,80.0,85.0,6,71.0,"Kicksit, B.",73.0,216,1.0,268,"Kicksit, B.",K,119.0,1.0,2,30.0,25.0,0,15.0,COL,8,0.5710000000000001,5376.0
19,4,1.0,30.0,20.0,46.2,67.0,14.0,15.0,58.0,17.0,81.0,90.0,2,71.0,"Ronaldo, C.",76.0,175,1.0,369,"Ronaldo, C.",P,118.0,1.0,2,30.0,25.0,0,15.0,ARI,12,0.857,5451.0
20,5,1.0,35.0,20.0,45.4,65.0,14.0,15.0,55.0,14.0,75.0,75.0,6,65.0,"Langdon, J.",68.0,219,1.0,271,"Langdon, J.",K,75.0,1.0,2,40.0,20.0,0,15.0,OCO,8,0.5710000000000001,3402.0
21,5,1.0,35.0,20.0,44.3,73.0,3.0,15.0,55.0,4.0,65.0,70.0,6,60.0,"Sims, A.",64.0,219,1.0,271,"Sims, A.",K,22.0,1.0,2,40.0,45.0,0,15.0,OCO,8,0.5710000000000001,974.0
22,6,1.0,30.0,20.0,41.4,70.0,6.0,15.0,60.0,10.0,78.0,65.0,10,55.0,"Nugent, A.",67.0,374,1.0,233,"Nugent, A.",K,56.0,1.0,2,30.0,15.0,0,15.0,SJS,4,0.28600000000000003,2318.0
23,7,1.0,35.0,20.0,46.6,70.0,14.0,15.0,72.0,25.0,85.0,85.0,9,66.0,"Harris, S.",81.0,281,1.0,245,"Harris, S.",K,120.0,1.0,2,50.0,25.0,0,25.0,PHI,5,0.35700000000000004,5586.0
24,8,1.0,36.0,20.0,45.3,67.0,14.0,15.0,71.0,20.0,80.0,77.0,11,63.0,"Blewitt, I.",74.0,335,1.0,211,"Blewitt, I.",K,111.0,1.0,2,37.0,15.0,0,15.0,LV,3,0.214,5027.0
25,1,1.0,30.0,20.0,45.2,70.0,14.0,15.0,74.0,15.0,90.0,90.0,5,70.0,"Turkleton, T.",83.0,270,1.0,317,"Turkleton, T.",K,102.0,1.0,3,30.0,25.0,0,15.0,BAL,9,0.643,4608.0
26,2,1.0,32.0,20.0,47.0,71.0,14.0,15.0,73.0,14.0,82.0,82.0,7,71.0,"Booter, A.",78.0,275,1.0,332,"Booter, A.",K,88.0,1.0,3,35.0,27.0,0,17.0,YKW,7,0.5,4136.0
27,2,1.0,30.0,20.0,44.1,65.0,4.0,15.0,70.0,7.0,76.0,76.0,7,62.0,"Lombardi, J.",71.0,275,1.0,332,"Lombardi, J.",K,25.0,1.0,3,30.0,25.0,0,15.0,YKW,7,0.5,1102.0
28,3,1.0,30.0,20.0,45.5,65.0,14.0,15.0,60.0,23.0,80.0,85.0,11,74.0,"Kicksit, B.",73.0,372,1.0,182,"Kicksit, B.",K,103.0,1.0,3,30.0,25.0,0,15.0,COL,3,0.214,4682.0
29,4,1.0,30.0,20.0,48.6,69.0,14.0,15.0,60.0,20.0,83.0,99.0,1,81.0,"Ronaldo, C.",81.0,166,1.0,427,"Ronaldo, C.",P,104.0,1.0,3,30.0,25.0,0,15.0,ARI,13,0.929,5050.0
30,5,1.0,35.0,20.0,41.6,73.0,14.0,15.0,55.0,13.0,70.0,79.0,6,67.0,"Sims, A.",69.0,288,1.0,406,"Sims, A.",K,88.0,1.0,3,40.0,45.0,0,15.0,OCO,8,0.5710000000000001,3661.0
31,6,1.0,36.0,20.0,46.7,70.0,14.0,15.0,75.0,20.0,84.0,86.0,8,66.0,"Blewitt, I.",80.0,338,1.0,292,"Blewitt, I.",K,120.0,1.0,3,37.0,15.0,1,15.0,SJS,5,0.39299999999999996,5608.0
32,7,1.0,35.0,20.0,44.8,70.0,14.0,15.0,72.0,11.0,90.0,87.0,5,65.0,"Harris, S.",84.0,328,1.0,326,"Harris, S.",K,99.0,1.0,3,50.0,25.0,1,25.0,PHI,8,0.607,4431.0
33,8,1.0,35.0,20.0,42.5,65.0,14.0,15.0,65.0,18.0,72.0,70.0,12,60.0,"Walsh, B.",67.0,444,1.0,199,"Walsh, B.",P,111.0,1.0,3,40.0,20.0,0,15.0,LV,2,0.14300000000000002,4720.0
34,1,1.0,30.0,20.0,48.7,71.0,14.0,15.0,75.0,13.0,90.0,96.0,7,76.0,"Turkleton, T.",85.0,324,1.0,315,"Turkleton, T.",K,95.0,1.0,4,30.0,25.0,0,15.0,BAL,7,0.5,4630.0
35,2,1.0,30.0,20.0,43.4,65.0,14.0,15.0,70.0,13.0,79.0,79.0,6,67.0,"Lombardi, J.",73.0,279,1.0,361,"Lombardi, J.",K,103.0,1.0,4,30.0,25.0,0,15.0,YKW,8,0.5710000000000001,4471.0
36,3,1.0,30.0,20.0,46.2,65.0,14.0,15.0,60.0,16.0,80.0,85.0,13,71.0,"Kicksit, B.",73.0,482,1.0,175,"Kicksit, B.",K,109.0,1.0,4,30.0,25.0,0,15.0,COL,1,0.071,5034.0
37,4,1.0,30.0,20.0,50.2,69.0,14.0,15.0,60.0,20.0,90.0,100.0,2,80.0,"Ronaldo, C.",83.0,203,1.0,435,"Ronaldo, C.",P,107.0,1.0,4,30.0,25.0,0,15.0,ARI,12,0.857,5369.0
38,5,1.0,30.0,20.0,45.8,65.0,14.0,15.0,50.0,11.0,74.0,85.0,5,70.0,"Madlad, B.",68.0,238,1.0,421,"Madlad, B.",K,90.0,1.0,4,30.0,25.0,0,15.0,OCO,9,0.643,4118.0
39,6,1.0,36.0,20.0,47.3,71.0,14.0,15.0,76.0,20.0,90.0,90.0,5,74.0,"Blewitt, I.",84.0,264,1.0,373,"Blewitt, I.",K,100.0,1.0,4,37.0,15.0,0,15.0,SJS,9,0.643,4730.0
40,7,1.0,35.0,20.0,46.4,70.0,14.0,15.0,72.0,20.0,90.0,87.0,7,72.0,"Harris, S.",84.0,350,1.0,265,"Harris, S.",K,99.0,1.0,4,50.0,25.0,0,25.0,PHI,7,0.5,4594.0
41,8,1.0,30.0,20.0,44.1,65.0,14.0,15.0,60.0,13.0,86.0,80.0,11,64.0,"Gooney, W.",74.0,439,1.0,234,"Gooney, W.",K,119.0,1.0,4,30.0,15.0,0,15.0,LV,3,0.214,5245.0
42,1,1.0,55.0,20.0,50.9,80.0,14.0,15.0,80.0,13.0,90.0,100.0,6,78.0,"Turkleton, T.",93.0,340,1.0,405,"Turkleton, T.",K,73.0,1.0,5,55.0,50.0,0,19.0,BAL,8,0.5710000000000001,3716.0
43,2,1.0,30.0,20.0,44.6,65.0,14.0,15.0,70.0,15.0,83.0,79.0,4,63.0,"Lombardi, J.",75.0,310,1.0,433,"Lombardi, J.",K,92.0,1.0,5,30.0,25.0,0,15.0,YKW,10,0.7140000000000001,4101.0
44,3,1.0,30.0,20.0,44.5,65.0,14.0,15.0,50.0,20.0,80.0,83.0,12,69.0,"Leg, P.",70.0,407,1.0,180,"Leg, P.",K,104.0,1.0,5,30.0,30.0,0,15.0,COL,2,0.14300000000000002,4623.0
46,5,1.0,30.0,20.0,47.0,65.0,14.0,15.0,50.0,10.0,81.0,86.0,3,71.0,"Madlad, B.",71.0,265,1.0,421,"Madlad, B.",K,93.0,1.0,5,30.0,25.0,0,15.0,OCO,11,0.7859999999999999,4374.0
47,6,1.0,36.0,20.0,46.9,71.0,14.0,15.0,80.0,11.0,94.0,90.0,6,70.0,"Blewitt, I.",87.0,374,1.0,343,"Blewitt, I.",K,96.0,1.0,5,37.0,15.0,0,15.0,SJS,8,0.5710000000000001,4507.0
48,7,1.0,35.0,20.0,45.1,70.0,14.0,15.0,72.0,16.0,90.0,87.0,6,74.0,"Harris, S.",84.0,339,1.0,405,"Harris, S.",K,87.0,1.0,5,50.0,25.0,0,25.0,PHI,8,0.5710000000000001,3925.0
49,8,1.0,30.0,20.0,44.0,65.0,14.0,15.0,60.0,19.0,80.0,85.0,13,71.0,"Kicksit, B.",73.0,453,1.0,296,"Kicksit, B.",K,96.0,1.0,5,30.0,25.0,0,15.0,LV,1,0.071,4222.0
50,1,1.0,55.0,20.0,48.6,86.0,14.0,15.0,90.0,13.0,100.0,90.0,7,80.0,"Turkleton, T.",97.0,351,1.0,397,"Turkleton, T.",K,80.0,1.0,6,55.0,40.0,0,15.0,BAL,7,0.5,3885.0
51,2,1.0,35.0,20.0,44.4,65.0,14.0,15.0,55.0,18.0,87.0,86.0,6,73.0,"Forfeit, N.",76.0,339,1.0,385,"Forfeit, N.",K,101.0,1.0,6,40.0,20.0,1,15.0,YKW,7,0.536,4480.0
52,3,1.0,35.0,20.0,44.1,67.0,14.0,15.0,72.0,8.0,85.0,85.0,14,71.0,"McCormick, M.",79.0,541,1.0,197,"McCormick, M.",K,89.0,1.0,6,40.0,20.0,0,15.0,COL,0,0.0,3924.0
53,4,1.0,40.0,20.0,46.0,69.0,14.0,15.0,73.0,15.0,95.0,93.0,6,72.0,"Jackson, D.",87.0,374,1.0,336,"Jackson, D.",K,91.0,1.0,6,44.0,20.0,0,15.0,AZ,8,0.5710000000000001,4185.0
54,5,1.0,30.0,20.0,46.0,65.0,14.0,15.0,50.0,16.0,85.0,87.0,3,70.0,"Madlad, B.",73.0,254,1.0,471,"Madlad, B.",K,81.0,1.0,6,30.0,25.0,0,15.0,OCO,11,0.7859999999999999,3723.0
55,6,1.0,36.0,20.0,47.1,71.0,14.0,15.0,80.0,16.0,97.0,90.0,3,77.0,"Blewitt, I.",88.0,302,1.0,386,"Blewitt, I.",K,98.0,1.0,6,37.0,15.0,0,15.0,SJS,11,0.7859999999999999,4611.0
56,7,1.0,35.0,20.0,44.2,70.0,14.0,15.0,72.0,19.0,90.0,87.0,5,65.0,"Harris, S.",84.0,313,1.0,440,"Harris, S.",K,72.0,1.0,6,50.0,25.0,0,25.0,PHI,9,0.643,3184.0
57,8,1.0,30.0,20.0,46.8,65.0,13.0,15.0,50.0,22.0,82.0,85.0,11,70.0,"Leg, P.",71.0,377,1.0,239,"Leg, P.",K,103.0,1.0,6,30.0,30.0,1,15.0,NO,2,0.179,4821.0
58,1,1.0,55.0,20.0,45.9,97.0,14.0,15.0,90.0,14.0,100.0,90.0,7,74.0,"Turkleton, T.",99.0,333,1.0,405,"Turkleton, T.",K,92.0,1.0,7,55.0,40.0,0,15.0,BAL,7,0.5,4227.0
59,2,1.0,35.0,20.0,47.0,65.0,14.0,15.0,55.0,12.0,90.0,89.0,1,67.0,"Forfeit, N.",78.0,272,1.0,468,"Forfeit, N.",K,76.0,1.0,7,40.0,20.0,0,15.0,YKW,13,0.929,3569.0
60,3,1.0,35.0,20.0,46.2,67.0,14.0,15.0,74.0,19.0,91.0,91.0,14,71.0,"McCormick, M.",84.0,501,1.0,137,"McCormick, M.",K,117.0,1.0,7,40.0,20.0,0,15.0,COL,0,0.0,5400.0
61,4,1.0,42.0,20.0,46.9,71.0,14.0,15.0,85.0,10.0,93.0,95.0,9,75.0,"Jackson, D.",91.0,433,1.0,357,"Jackson, D.",K,94.0,1.0,7,50.0,40.0,0,15.0,AZ,5,0.35700000000000004,4404.0
62,5,1.0,30.0,20.0,45.3,65.0,14.0,15.0,50.0,15.0,85.0,87.0,2,75.0,"Madlad, B.",73.0,274,1.0,461,"Madlad, B.",K,108.0,1.0,7,30.0,25.0,0,15.0,OCO,12,0.857,4892.0
63,6,1.0,36.0,20.0,48.9,71.0,14.0,15.0,80.0,7.0,99.0,90.0,9,69.0,"Blewitt, I.",89.0,380,1.0,304,"Blewitt, I.",K,111.0,1.0,7,37.0,15.0,0,15.0,SJS,5,0.35700000000000004,5429.0
64,7,1.0,35.0,20.0,46.9,70.0,14.0,15.0,72.0,12.0,90.0,87.0,4,73.0,"Harris, S.",84.0,303,1.0,426,"Harris, S.",K,87.0,1.0,7,50.0,25.0,0,25.0,PHI,10,0.7140000000000001,4082.0
65,8,1.0,30.0,20.0,46.7,65.0,14.0,15.0,50.0,14.0,82.0,85.0,10,71.0,"Leg, P.",71.0,366,1.0,304,"Leg, P.",K,115.0,1.0,7,30.0,30.0,0,15.0,NO,4,0.28600000000000003,5370.0
66,1,1.0,55.0,20.0,46.6,82.0,14.0,15.0,90.0,18.0,100.0,90.0,7,69.0,"Turkleton, T.",97.0,329,1.0,403,"Turkleton, T.",K,93.0,1.0,8,55.0,40.0,0,15.0,BAL,7,0.5,4334.0
67,2,1.0,35.0,20.0,47.6,65.0,14.0,15.0,55.0,14.0,90.0,89.0,3,73.0,"Forfeit, N.",78.0,286,1.0,446,"Forfeit, N.",K,88.0,1.0,8,40.0,20.0,0,15.0,YKW,11,0.7859999999999999,4191.0
68,3,1.0,35.0,20.0,49.3,67.0,14.0,15.0,81.0,12.0,95.0,95.0,8,72.0,"McCormick, M.",89.0,338,1.0,240,"McCormick, M.",K,92.0,1.0,8,40.0,20.0,0,15.0,COL,6,0.429,4534.0
69,4,25.0,50.0,20.0,45.8,87.0,14.0,15.0,85.0,11.0,93.0,95.0,9,70.0,"Jackson, D.",94.0,379,1.0,338,"Jackson, D.",K,91.0,1.0,8,50.0,45.0,0,18.0,AZ,5,0.35700000000000004,4165.0
70,5,1.0,30.0,20.0,45.5,65.0,14.0,15.0,50.0,17.0,85.0,87.0,4,63.0,"Madlad, B.",73.0,289,1.0,432,"Madlad, B.",K,91.0,1.0,8,30.0,25.0,0,15.0,OCO,10,0.7140000000000001,4143.0
71,6,1.0,36.0,20.0,46.0,71.0,14.0,15.0,80.0,12.0,100.0,90.0,13,70.0,"Blewitt, I.",89.0,553,1.0,191,"Blewitt, I.",K,102.0,1.0,8,37.0,15.0,0,15.0,SJS,1,0.071,4693.0
72,7,1.0,35.0,20.0,46.7,65.0,14.0,15.0,65.0,12.0,89.0,87.0,7,71.0,"Harris, S.",80.0,373,1.0,387,"Harris, S.",K,81.0,1.0,8,40.0,20.0,0,16.0,PHI,7,0.5,3780.0
73,8,1.0,30.0,20.0,43.0,65.0,14.0,15.0,50.0,13.0,82.0,85.0,5,71.0,"Leg, P.",71.0,303,1.0,413,"Leg, P.",K,76.0,1.0,8,30.0,30.0,0,15.0,NO,9,0.643,3269.0
74,1,1.0,30.0,20.0,44.9,79.0,14.0,15.0,90.0,8.0,100.0,90.0,3,70.0,"Turkleton, T.",92.0,240,1.0,473,"Turkleton, T.",K,75.0,1.0,9,30.0,15.0,0,15.0,BAL,11,0.7859999999999999,3367.0
75,2,1.0,35.0,20.0,45.1,65.0,14.0,15.0,55.0,20.0,90.0,89.0,7,67.0,"Forfeit, N.",78.0,316,1.0,380,"Forfeit, N.",K,87.0,1.0,9,40.0,20.0,0,15.0,YKW,7,0.5,3926.0
76,3,1.0,35.0,20.0,48.3,85.0,14.0,15.0,85.0,15.0,95.0,95.0,6,72.0,"McCormick, M.",92.0,347,1.0,333,"McCormick, M.",K,86.0,1.0,9,40.0,20.0,0,15.0,COL,8,0.5710000000000001,4156.0
77,4,25.0,50.0,20.0,47.4,95.0,14.0,15.0,85.0,17.0,93.0,95.0,11,76.0,"Jackson, D.",95.0,433,1.0,219,"Jackson, D.",K,84.0,1.0,9,50.0,45.0,0,18.0,AZ,3,0.214,3979.0
78,5,1.0,30.0,20.0,46.1,65.0,14.0,15.0,50.0,15.0,82.0,85.0,5,71.0,"Madlad, B.",71.0,293,1.0,445,"Madlad, B.",K,83.0,1.0,9,30.0,25.0,0,15.0,OCO,9,0.643,3823.0
79,6,1.0,30.0,20.0,43.1,65.0,14.0,15.0,63.0,9.0,80.0,74.0,12,66.0,"Corbett, K.",70.0,475,1.0,184,"Corbett, K.",K,105.0,1.0,9,31.0,15.0,0,15.0,SJS,2,0.14300000000000002,4524.0
80,7,1.0,30.0,20.0,45.5,65.0,14.0,15.0,60.0,18.0,85.0,80.0,10,66.0,"(R) Meoff, B.",73.0,481,1.0,218,"(R) Meoff, B.",K,107.0,1.0,9,30.0,15.0,0,15.0,PHI,4,0.28600000000000003,4872.0
81,8,1.0,36.0,20.0,45.9,71.0,14.0,15.0,80.0,17.0,100.0,90.0,2,74.0,"Blewitt, I.",89.0,197,1.0,530,"Blewitt, I.",K,85.0,1.0,9,37.0,15.0,0,15.0,NO,12,0.857,3898.0
82,1,1.0,30.0,20.0,46.2,70.0,14.0,15.0,87.0,14.0,100.0,90.0,1,74.0,"Turkleton, T.",90.0,273,1.0,486,"Turkleton, T.",K,79.0,1.0,10,30.0,15.0,0,15.0,BAL,13,0.929,3646.0
83,2,1.0,35.0,20.0,48.0,65.0,14.0,15.0,55.0,8.0,90.0,89.0,6,73.0,"Forfeit, N.",78.0,319,1.0,373,"Forfeit, N.",K,87.0,1.0,10,40.0,20.0,0,15.0,YKW,8,0.5710000000000001,4179.0
84,3,1.0,52.0,20.0,50.3,93.0,14.0,15.0,85.0,14.0,95.0,95.0,5,77.0,"McCormick, M.",97.0,286,1.0,403,"McCormick, M.",K,97.0,1.0,10,60.0,45.0,0,15.0,COL,9,0.643,4878.0
85,4,25.0,58.0,45.0,47.1,99.0,14.0,40.0,85.0,16.0,95.0,95.0,10,74.0,"Jackson, D.",99.0,349,1.0,293,"Jackson, D.",K,88.0,1.0,10,63.0,45.0,0,32.0,AZ,4,0.28600000000000003,4144.0
86,5,1.0,30.0,20.0,46.4,65.0,14.0,15.0,50.0,15.0,81.0,82.0,7,68.0,"Madlad, B.",70.0,299,1.0,247,"Madlad, B.",K,99.0,1.0,10,30.0,25.0,0,15.0,OCO,7,0.5,4597.0
87,6,1.0,30.0,20.0,42.3,65.0,14.0,15.0,63.0,17.0,80.0,74.0,10,63.0,"Corbett, K.",70.0,447,1.0,258,"Corbett, K.",K,101.0,1.0,10,31.0,15.0,0,15.0,SJS,4,0.28600000000000003,4271.0
88,7,1.0,30.0,20.0,45.7,65.0,14.0,15.0,60.0,17.0,85.0,80.0,14,68.0,"Meoff, B.",73.0,475,1.0,162,"Meoff, B.",K,115.0,1.0,10,30.0,15.0,0,15.0,PHI,0,0.0,5250.0
89,8,1.0,30.0,20.0,44.8,65.0,14.0,15.0,50.0,10.0,82.0,85.0,3,68.0,"Leg, P.",71.0,279,1.0,505,"Leg, P.",K,76.0,1.0,10,30.0,30.0,0,15.0,NO,11,0.7859999999999999,3407.0
90,1,1.0,30.0,20.0,48.4,65.0,14.0,15.0,70.0,14.0,93.0,90.0,5,73.0,"Turkleton, T.",82.0,336,1.0,413,"Turkleton, T.",K,68.0,1.0,11,30.0,15.0,0,15.0,BAL,9,0.643,3288.0
91,2,1.0,35.0,20.0,45.9,65.0,14.0,15.0,55.0,10.0,90.0,89.0,10,74.0,"Forfeit, N.",78.0,413,1.0,336,"Forfeit, N.",K,85.0,1.0,11,40.0,20.0,0,15.0,YKW,4,0.28600000000000003,3905.0
92,3,1.0,30.0,20.0,46.1,65.0,14.0,15.0,50.0,14.0,82.0,85.0,6,69.0,"Leg, P.",71.0,417,1.0,422,"Leg, P.",K,78.0,1.0,11,30.0,30.0,0,15.0,COL,8,0.5710000000000001,3598.0
93,4,25.0,58.0,45.0,49.3,100.0,14.0,40.0,85.0,14.0,95.0,95.0,8,69.0,"Jackson, D.",99.0,381,25.0,376,"Jackson, D.",K,86.0,25.0,11,63.0,45.0,0,32.0,AZ,6,0.429,4237.0
94,5,1.0,30.0,20.0,44.0,65.0,14.0,15.0,60.0,17.0,80.0,80.0,4,63.0,"(R) Anderson, A.",71.0,331,1.0,394,"(R) Anderson, A.",K,87.0,1.0,11,30.0,15.0,0,15.0,OCO,10,0.7140000000000001,3829.0
95,6,1.0,30.0,20.0,43.1,65.0,14.0,15.0,63.0,8.0,80.0,74.0,13,61.0,"Corbett, K.",70.0,411,1.0,228,"Corbett, K.",K,83.0,1.0,11,31.0,15.0,0,15.0,SJS,1,0.071,3578.0
96,7,1.0,30.0,20.0,45.8,65.0,14.0,15.0,70.0,19.0,90.0,83.0,7,67.0,"(R) Fulture, K.",79.0,313,1.0,309,"(R) Fulture, K.",K,100.0,1.0,11,30.0,15.0,0,15.0,PHI,7,0.5,4582.0
97,8,1.0,30.0,20.0,44.0,65.0,14.0,15.0,60.0,12.0,85.0,80.0,3,66.0,"Meoff, B.",73.0,340,1.0,464,"Meoff, B.",K,85.0,1.0,11,30.0,15.0,0,15.0,NO,11,0.7859999999999999,3741.0
98,1,1.0,30.0,20.0,46.9,70.0,14.0,15.0,60.0,10.0,86.0,86.0,6,65.0,"Turkleton, T.",76.0,297,1.0,454,"Turkleton, T.",K,72.0,1.0,12,30.0,15.0,0,15.0,BAL,8,0.5710000000000001,3376.0
99,2,1.0,35.0,20.0,46.0,65.0,14.0,15.0,55.0,13.0,90.0,89.0,11,69.0,"Forfeit, N.",78.0,429,1.0,287,"Forfeit, N.",K,83.0,1.0,12,40.0,20.0,0,15.0,YKW,3,0.214,3822.0
100,3,1.0,30.0,20.0,46.2,65.0,14.0,15.0,50.0,9.0,80.0,84.0,8,69.0,"Leg, P.",70.0,495,1.0,356,"Leg, P.",K,73.0,1.0,12,30.0,25.0,0,15.0,COL,6,0.429,3372.0
101,3,1.0,30.0,20.0,38.9,65.0,14.0,15.0,50.0,0.0,60.0,60.0,8,54.0,"PuntMachine4, Z.",55.0,495,1.0,356,"PuntMachine4, Z.",P,7.0,1.0,12,30.0,15.0,0,15.0,COL,6,0.429,272.0
102,4,25.0,58.0,45.0,45.9,94.0,14.0,40.0,85.0,7.0,95.0,95.0,7,75.0,"Jackson, D.",98.0,349,25.0,326,"Jackson, D.",K,77.0,25.0,12,63.0,45.0,0,32.0,AZ,7,0.5,3531.0
103,5,1.0,30.0,20.0,45.5,65.0,14.0,15.0,60.0,9.0,80.0,80.0,3,71.0,"Anderson, A.",71.0,267,1.0,383,"Anderson, A.",K,96.0,1.0,12,30.0,15.0,0,15.0,OCO,11,0.7859999999999999,4365.0
104,6,1.0,30.0,20.0,46.7,65.0,14.0,15.0,50.0,11.0,80.0,89.0,4,65.0,"(R) Donaldson, N.",72.0,250,1.0,355,"(R) Donaldson, N.",K,87.0,1.0,12,30.0,25.0,0,15.0,SJS,10,0.7140000000000001,4062.0
105,7,1.0,30.0,20.0,46.0,65.0,14.0,15.0,70.0,16.0,97.0,90.0,7,72.0,"Fulture, K.",84.0,382,1.0,361,"Fulture, K.",K,82.0,1.0,12,30.0,15.0,0,15.0,PHI,7,0.5,3772.0
106,8,1.0,30.0,20.0,43.5,65.0,14.0,15.0,60.0,10.0,85.0,80.0,10,65.0,"Meoff, B.",73.0,399,1.0,346,"Meoff, B.",K,86.0,1.0,12,30.0,15.0,0,15.0,NO,4,0.28600000000000003,3739.0
107,1,15.0,35.0,20.0,45.9,1.0,14.0,1.0,1.0,14.0,80.0,80.0,10,68.0,"Frost, A.",50.0,363,15.0,323,"Frost, A.",K,71.0,40.0,13,55.0,20.0,0,65.0,BAL,4,0.28600000000000003,3258.0
108,2,1.0,35.0,20.0,46.7,65.0,14.0,18.0,56.0,10.0,87.0,86.0,10,71.0,"Forfeit, N.",76.0,457,1.0,342,"Forfeit, N.",K,74.0,1.0,13,40.0,20.0,0,15.0,YKW,4,0.28600000000000003,3454.0
109,3,1.0,30.0,20.0,44.0,65.0,14.0,15.0,63.0,10.0,80.0,74.0,6,62.0,"Corbett, K.",70.0,349,1.0,417,"Corbett, K.",K,66.0,1.0,13,31.0,15.0,0,15.0,COL,8,0.5710000000000001,2905.0
110,4,25.0,49.0,20.0,46.3,92.0,14.0,15.0,85.0,15.0,95.0,95.0,9,75.0,"Jackson, D.",96.0,410,1.0,338,"Jackson, D.",K,90.0,1.0,13,60.0,20.0,0,15.0,AZ,5,0.35700000000000004,4164.0
111,5,1.0,30.0,20.0,46.8,65.0,14.0,15.0,60.0,7.0,80.0,81.0,5,63.0,"Anderson, A.",72.0,329,1.0,363,"Anderson, A.",K,77.0,1.0,13,30.0,15.0,0,15.0,OCO,9,0.643,3603.0
112,6,1.0,30.0,20.0,46.1,65.0,14.0,15.0,50.0,8.0,80.0,92.0,2,69.0,"Donaldson, N.",73.0,276,1.0,419,"Donaldson, N.",K,79.0,1.0,13,30.0,25.0,0,15.0,SJS,12,0.857,3645.0
113,7,1.0,30.0,20.0,44.6,80.0,14.0,16.0,71.0,10.0,100.0,90.0,6,70.0,"Fulture, K.",87.0,377,1.0,413,"Fulture, K.",K,68.0,1.0,13,30.0,15.0,0,15.0,PHI,8,0.5710000000000001,3033.0
114,8,1.0,30.0,20.0,44.8,65.0,14.0,15.0,60.0,14.0,84.0,80.0,8,66.0,"Meoff, B.",73.0,397,1.0,343,"Meoff, B.",K,84.0,1.0,13,30.0,15.0,0,15.0,NO,6,0.429,3761.0
115,1,15.0,35.0,20.0,44.5,1.0,14.0,1.0,1.0,7.0,80.0,80.0,3,65.0,"Frost, A.",50.0,310,15.0,448,"Frost, A.",K,71.0,40.0,14,55.0,20.0,0,65.0,BAL,11,0.7859999999999999,3160.0
116,2,1.0,35.0,20.0,46.5,65.0,14.0,18.0,56.0,20.0,84.0,83.0,8,73.0,"Forfeit, N.",74.0,326,1.0,310,"Forfeit, N.",K,97.0,1.0,14,40.0,20.0,0,15.0,YKW,6,0.429,4508.0
117,3,1.0,30.0,20.0,42.7,65.0,14.0,15.0,63.0,7.0,80.0,74.0,10,64.0,"Corbett, K.",70.0,442,1.0,368,"Corbett, K.",K,75.0,1.0,14,31.0,15.0,0,15.0,COL,4,0.28600000000000003,3205.0
118,4,1.0,35.0,20.0,49.1,84.0,14.0,15.0,85.0,16.0,95.0,95.0,12,74.0,"Jackson, D.",92.0,523,1.0,224,"Jackson, D.",K,106.0,1.0,14,43.0,20.0,0,15.0,AZ,2,0.14300000000000002,5208.0
119,5,1.0,30.0,20.0,45.7,65.0,14.0,15.0,60.0,12.0,80.0,81.0,3,71.0,"Anderson, A.",72.0,281,1.0,441,"Anderson, A.",K,92.0,1.0,14,30.0,15.0,0,15.0,OCO,11,0.7859999999999999,4206.0
120,6,1.0,30.0,20.0,46.9,65.0,14.0,15.0,50.0,16.0,80.0,92.0,5,73.0,"Donaldson, N.",73.0,233,1.0,392,"Donaldson, N.",K,87.0,1.0,14,30.0,25.0,0,15.0,SJS,9,0.643,4076.0
121,7,1.0,30.0,20.0,45.7,80.0,14.0,16.0,80.0,13.0,100.0,90.0,5,67.0,"Fulture, K.",89.0,331,1.0,337,"Fulture, K.",K,82.0,1.0,14,30.0,15.0,0,15.0,PHI,9,0.643,3751.0
122,8,1.0,30.0,20.0,44.1,65.0,14.0,15.0,60.0,15.0,84.0,80.0,10,67.0,"Meoff, B.",73.0,405,1.0,331,"Meoff, B.",K,75.0,1.0,14,30.0,15.0,0,15.0,NO,4,0.28600000000000003,3310.0
123,1,15.0,35.0,20.0,45.0,1.0,14.0,1.0,1.0,11.0,80.0,80.0,2,65.0,"Frost, A.",50.0,297,15.0,520,"Frost, A.",K,79.0,40.0,15,55.0,20.0,0,65.0,BAL,12,0.857,3555.0
124,2,1.0,35.0,20.0,43.8,65.0,14.0,15.0,55.0,14.0,81.0,81.0,7,67.0,"Harris Jr, S.",72.0,305,1.0,358,"Harris Jr, S.",K,86.0,1.0,15,40.0,20.0,0,15.0,YKW,7,0.5,3765.0
125,3,1.0,30.0,20.0,43.4,65.0,14.0,15.0,53.0,10.0,78.0,80.0,12,63.0,"Ramero, E.",69.0,474,1.0,258,"Ramero, E.",K,84.0,1.0,15,30.0,25.0,0,15.0,COL,2,0.14300000000000002,3647.0
126,4,1.0,35.0,20.0,47.0,70.0,14.0,15.0,72.0,6.0,95.0,95.0,8,70.0,"Jackson, D.",87.0,373,1.0,351,"Jackson, D.",K,74.0,1.0,15,40.0,20.0,0,15.0,AZ,6,0.429,3476.0
127,4,1.0,30.0,20.0,41.9,65.0,1.0,15.0,60.0,1.0,80.0,60.0,8,49.0,"Vanderjagt, J.",63.0,373,1.0,351,"Vanderjagt, J.",P,8.0,1.0,15,30.0,15.0,0,15.0,AZ,6,0.429,335.0
128,5,1.0,30.0,20.0,44.8,65.0,14.0,15.0,60.0,12.0,89.0,85.0,6,68.0,"Dasistwirklichseinnachname, A.",76.0,299,1.0,351,"Dasistwirklichseinnachname, A.",K,80.0,1.0,15,30.0,15.0,0,15.0,OCO,8,0.5710000000000001,3587.0
129,6,1.0,30.0,20.0,47.4,65.0,14.0,15.0,50.0,4.0,80.0,92.0,3,74.0,"Donaldson, N.",73.0,265,1.0,326,"Donaldson, N.",K,81.0,1.0,15,30.0,25.0,0,15.0,SJS,11,0.7859999999999999,3840.0
130,7,1.0,30.0,20.0,46.0,80.0,14.0,15.0,80.0,16.0,100.0,90.0,6,67.0,"Fulture, K.",89.0,309,1.0,340,"Fulture, K.",K,79.0,1.0,15,30.0,15.0,0,15.0,PHI,8,0.5710000000000001,3637.0
131,8,1.0,30.0,20.0,45.6,65.0,14.0,15.0,50.0,8.0,84.0,85.0,12,64.0,"Crisco, A.",72.0,465,1.0,283,"Crisco, A.",K,86.0,1.0,15,30.0,25.0,0,15.0,NO,2,0.14300000000000002,3920.0
132,1,1.0,35.0,20.0,44.0,65.0,13.0,15.0,55.0,12.0,86.0,81.0,6,64.0,"Brand (R), F.",74.0,268,1.0,324,"Brand (R), F.",K,90.0,1.0,16,40.0,20.0,0,15.0,BAL,7,0.5379999999999999,3960.0
133,2,1.0,35.0,20.0,44.0,65.0,13.0,15.0,55.0,14.0,81.0,81.0,3,65.0,"Harris Jr, S.",72.0,312,1.0,418,"Harris Jr, S.",K,68.0,1.0,16,40.0,20.0,0,15.0,YKW,10,0.769,2994.0
134,3,1.0,30.0,20.0,44.7,65.0,13.0,15.0,60.0,9.0,80.0,81.0,12,66.0,"Anderson, A.",72.0,424,1.0,208,"Anderson, A.",P,82.0,1.0,16,30.0,15.0,0,15.0,COL,1,0.077,3664.0
135,4,1.0,30.0,20.0,47.0,65.0,13.0,15.0,55.0,16.0,78.0,78.0,6,66.0,"Lawes, S.",69.0,273,1.0,297,"Lawes, S.",K,86.0,1.0,16,30.0,25.0,0,15.0,AZ,7,0.5379999999999999,4044.0
136,5,1.0,30.0,20.0,48.5,65.0,13.0,15.0,60.0,7.0,89.0,90.0,3,74.0,"Dasistwirklichseinnachname, A.",78.0,244,1.0,417,"Dasistwirklichseinnachname, A.",K,60.0,1.0,16,30.0,15.0,0,15.0,OCO,10,0.769,2910.0
137,6,1.0,30.0,20.0,46.5,65.0,13.0,15.0,50.0,15.0,80.0,92.0,6,68.0,"Donaldson, N.",73.0,311,1.0,337,"Donaldson, N.",K,71.0,1.0,16,30.0,25.0,0,15.0,SJS,7,0.5379999999999999,3304.0
138,7,15.0,35.0,20.0,43.8,1.0,13.0,1.0,1.0,9.0,70.0,80.0,6,66.0,"Frost, K.",46.0,306,15.0,397,"Frost, K.",K,72.0,40.0,16,55.0,20.0,0,65.0,PHI,7,0.5379999999999999,3157.0
139,8,15.0,35.0,20.0,42.3,1.0,13.0,1.0,1.0,12.0,80.0,80.0,7,63.0,"Frost, A.",50.0,381,15.0,309,"Frost, A.",K,89.0,40.0,16,55.0,20.0,0,65.0,NO,6,0.462,3765.0
140,9,1.0,30.0,20.0,49.1,80.0,13.0,15.0,80.0,11.0,100.0,90.0,3,72.0,"Fulture, K.",89.0,257,1.0,307,"Fulture, K.",K,78.0,1.0,16,30.0,15.0,0,15.0,CHI,10,0.769,3829.0
141,10,1.0,30.0,20.0,46.3,65.0,13.0,15.0,50.0,11.0,87.0,87.0,13,70.0,"Crisco, A.",74.0,424,1.0,186,"Crisco, A.",K,90.0,1.0,16,30.0,25.0,0,15.0,AUS,0,0.0,4171.0
142,1,1.0,35.0,20.0,44.9,65.0,13.0,15.0,55.0,11.0,90.0,84.0,5,62.0,"Brand, F.",77.0,305,1.0,343,"Brand, F.",K,61.0,1.0,17,40.0,20.0,0,15.0,BAL,8,0.615,2741.0
143,2,1.0,35.0,20.0,42.6,65.0,13.0,15.0,60.0,16.0,79.0,75.0,5,65.0,"Bobby (R), K.",71.0,267,1.0,361,"Bobby (R), K.",K,95.0,1.0,17,40.0,20.0,0,15.0,YKW,8,0.615,4050.0
144,3,1.0,30.0,20.0,45.1,71.0,13.0,15.0,50.0,11.0,73.0,78.0,8,64.0,"Jones II (R), J.",67.0,364,1.0,230,"Jones II (R), J.",K,88.0,1.0,17,34.0,25.0,0,15.0,COL,5,0.385,3966.0
145,4,1.0,30.0,20.0,46.1,65.0,13.0,15.0,55.0,14.0,78.0,78.0,4,66.0,"Lawes, S.",69.0,268,1.0,394,"Lawes, S.",K,75.0,1.0,17,30.0,25.0,0,15.0,AZ,9,0.6920000000000001,3454.0
146,5,1.0,30.0,20.0,48.9,65.0,13.0,15.0,60.0,10.0,92.0,90.0,6,74.0,"Dasistwirklichseinnachname, A.",79.0,275,1.0,361,"Dasistwirklichseinnachname, A.",K,70.0,1.0,17,30.0,15.0,0,15.0,OCO,7,0.5379999999999999,3423.0
147,6,1.0,30.0,20.0,44.0,65.0,13.0,15.0,50.0,8.0,80.0,92.0,7,67.0,"Donaldson, N.",73.0,332,1.0,280,"Donaldson, N.",K,78.0,1.0,17,30.0,25.0,0,15.0,SJS,6,0.462,3435.0
148,7,1.0,30.0,20.0,44.0,65.0,13.0,15.0,60.0,9.0,76.0,79.0,8,64.0,"Castleberry, R.",69.0,388,1.0,298,"Castleberry, R.",K,72.0,1.0,17,30.0,15.0,0,15.0,PHI,5,0.385,3169.0
149,8,1.0,35.0,20.0,44.5,65.0,13.0,15.0,55.0,11.0,80.0,80.0,9,69.0,"Frost, A.",71.0,367,1.0,313,"Frost, A.",K,85.0,1.0,17,40.0,20.0,0,15.0,NO,4,0.308,3785.0
150,9,1.0,30.0,20.0,44.3,80.0,13.0,15.0,80.0,8.0,100.0,90.0,5,72.0,"Fulture, K.",89.0,268,1.0,336,"Fulture, K.",K,71.0,1.0,17,30.0,15.0,0,15.0,CHI,8,0.615,3144.0
151,10,1.0,30.0,20.0,46.2,65.0,13.0,15.0,50.0,10.0,89.0,90.0,8,74.0,"Crisco, A.",76.0,343,1.0,261,"Crisco, A.",K,85.0,1.0,17,30.0,25.0,0,15.0,AUS,5,0.385,3929.0
152,1,1.0,35.0,20.0,45.6,65.0,13.0,15.0,55.0,12.0,90.0,88.0,7,71.0,"Brand, F.",78.0,346,1.0,366,"Brand, F.",K,81.0,1.0,18,40.0,20.0,0,15.0,BAL,6,0.462,3694.0
153,2,1.0,30.0,20.0,45.1,65.0,13.0,15.0,50.0,12.0,80.0,92.0,2,71.0,"Donaldson, N.",73.0,239,1.0,393,"Donaldson, N.",K,73.0,1.0,18,30.0,25.0,0,15.0,YKW,11,0.846,3294.0
154,3,1.0,35.0,20.0,43.0,65.0,13.0,15.0,55.0,15.0,81.0,81.0,8,64.0,"Harris Jr, S.",72.0,339,1.0,271,"Harris Jr, S.",K,100.0,1.0,18,40.0,20.0,0,15.0,COL,5,0.385,4305.0
155,4,1.0,30.0,20.0,45.0,65.0,13.0,15.0,60.0,9.0,77.0,75.0,4,65.0,"Clutch (R), C.",69.0,291,1.0,355,"Clutch (R), C.",K,74.0,1.0,18,30.0,15.0,0,15.0,AZ,9,0.6920000000000001,3328.0
156,5,1.0,30.0,20.0,48.5,69.0,13.0,15.0,60.0,9.0,96.0,90.0,3,67.0,"Dasistwirklichseinnachname, A.",81.0,233,1.0,363,"Dasistwirklichseinnachname, A.",K,61.0,1.0,18,30.0,15.0,0,15.0,OCO,10,0.769,2956.0
157,6,1.0,35.0,20.0,45.4,65.0,13.0,15.0,60.0,20.0,79.0,75.0,9,64.0,"Bobby, K.",71.0,338,1.0,184,"Bobby, K.",K,79.0,1.0,18,40.0,20.0,0,15.0,SJS,4,0.308,3588.0
158,7,1.0,30.0,20.0,44.1,65.0,13.0,15.0,65.0,12.0,81.0,84.0,9,72.0,"Frost (R), B.",74.0,317,1.0,286,"Frost (R), B.",K,82.0,1.0,18,30.0,25.0,0,15.0,PHI,4,0.308,3620.0
159,8,1.0,35.0,20.0,44.5,65.0,13.0,15.0,55.0,11.0,80.0,80.0,8,69.0,"Frost, A.",71.0,327,1.0,285,"Frost, A.",K,71.0,1.0,18,40.0,20.0,0,15.0,NO,5,0.385,3159.0
160,9,1.0,30.0,20.0,48.4,70.0,13.0,15.0,70.0,12.0,100.0,90.0,8,80.0,"Fulture, K.",85.0,350,1.0,300,"Fulture, K.",K,72.0,1.0,18,30.0,15.0,0,15.0,CHI,5,0.385,3488.0
161,10,1.0,30.0,20.0,46.0,65.0,13.0,15.0,50.0,9.0,90.0,92.0,7,73.0,"Crisco, A.",77.0,390,1.0,367,"Crisco, A.",K,73.0,1.0,18,30.0,25.0,0,15.0,AUS,6,0.462,3359.0
162,1,1.0,35.0,20.0,45.2,65.0,13.0,15.0,55.0,13.0,90.0,88.0,5,68.0,"Brand, F.",78.0,266,1.0,371,"Brand, F.",K,75.0,1.0,19,40.0,20.0,0,15.0,BAL,8,0.615,3392.0
163,2,1.0,30.0,20.0,48.3,65.0,13.0,15.0,50.0,15.0,79.0,89.0,4,74.0,"Donaldson, N.",71.0,331,1.0,383,"Donaldson, N.",K,78.0,1.0,19,30.0,25.0,0,15.0,YKW,9,0.6920000000000001,3766.0
164,3,1.0,35.0,20.0,43.8,65.0,13.0,15.0,55.0,9.0,81.0,81.0,5,68.0,"Harris Jr, S.",72.0,275,1.0,326,"Harris Jr, S.",K,67.0,1.0,19,40.0,20.0,0,15.0,COL,8,0.615,2936.0
165,4,1.0,35.0,20.0,45.6,65.0,13.0,15.0,55.0,11.0,80.0,80.0,8,68.0,"Frost, A.",71.0,355,1.0,338,"Frost, A.",K,78.0,1.0,19,40.0,20.0,0,15.0,AZ,5,0.385,3554.0
166,5,1.0,30.0,20.0,46.2,69.0,13.0,15.0,60.0,7.0,99.0,90.0,4,76.0,"Dasistwirklichseinnachname, A.",82.0,243,1.0,357,"Dasistwirklichseinnachname, A.",K,59.0,1.0,19,30.0,15.0,0,15.0,OCO,9,0.6920000000000001,2726.0
167,6,1.0,35.0,20.0,44.1,65.0,13.0,15.0,60.0,10.0,79.0,75.0,9,60.0,"Bobby, K.",71.0,406,1.0,187,"Bobby, K.",K,83.0,1.0,19,40.0,20.0,0,15.0,SJS,4,0.308,3663.0
168,7,1.0,30.0,20.0,46.0,65.0,13.0,15.0,65.0,18.0,84.0,84.0,7,72.0,"Frost, B.",76.0,278,1.0,280,"Frost, B.",K,89.0,1.0,19,30.0,25.0,0,15.0,PHI,6,0.462,4097.0
169,8,1.0,30.0,20.0,44.3,65.0,13.0,15.0,60.0,9.0,89.0,80.0,5,64.0,"Prohaska (R), H.",75.0,271,1.0,341,"Prohaska (R), H.",K,73.0,1.0,19,30.0,15.0,0,15.0,NO,8,0.615,3235.0
170,9,1.0,30.0,20.0,46.2,65.0,13.0,15.0,60.0,8.0,99.0,90.0,10,71.0,"Fulture, K.",82.0,392,1.0,223,"Fulture, K.",K,86.0,1.0,19,30.0,15.0,0,15.0,CHI,3,0.231,3972.0
171,10,1.0,30.0,20.0,47.8,65.0,13.0,15.0,50.0,12.0,90.0,97.0,8,71.0,"Crisco, A.",78.0,288,1.0,299,"Crisco, A.",K,81.0,1.0,19,30.0,25.0,0,15.0,AUS,5,0.385,3873.0
172,1,1.0,35.0,20.0,46.4,65.0,13.0,15.0,55.0,15.0,90.0,88.0,7,70.0,"Brand, F.",78.0,317,1.0,306,"Brand, F.",K,80.0,1.0,20,40.0,20.0,0,15.0,BAL,6,0.462,3713.0
173,2,1.0,30.0,20.0,45.1,65.0,13.0,15.0,50.0,11.0,79.0,84.0,4,68.0,"Donaldson, N.",70.0,294,1.0,351,"Donaldson, N.",K,68.0,1.0,20,30.0,25.0,0,15.0,YKW,9,0.6920000000000001,3067.0
174,3,12.0,30.0,20.0,44.0,70.0,13.0,15.0,60.0,10.0,90.0,80.0,6,64.0,"Jackson (R), J.",76.0,280,1.0,309,"Jackson (R), J.",K,77.0,1.0,20,30.0,15.0,0,15.0,COL,7,0.5379999999999999,3390.0
175,4,1.0,30.0,20.0,46.2,65.0,13.0,15.0,60.0,4.0,82.0,84.0,6,72.0,"Espinosa (R), D.",73.0,328,1.0,317,"Espinosa (R), D.",K,76.0,1.0,20,30.0,15.0,0,15.0,AZ,7,0.5379999999999999,3515.0
176,5,1.0,30.0,20.0,46.9,77.0,13.0,15.0,70.0,12.0,100.0,90.0,6,73.0,"Dasistwirklichseinnachname, A.",87.0,278,1.0,371,"Dasistwirklichseinnachname, A.",K,67.0,1.0,20,30.0,15.0,0,15.0,OCO,7,0.5379999999999999,3140.0
177,6,1.0,35.0,20.0,42.3,65.0,13.0,15.0,60.0,12.0,79.0,75.0,8,65.0,"Bobby, K.",71.0,423,1.0,275,"Bobby, K.",K,80.0,1.0,20,40.0,20.0,0,15.0,SJS,5,0.385,3385.0
178,7,1.0,30.0,20.0,47.8,65.0,13.0,15.0,60.0,16.0,91.0,90.0,8,71.0,"Powers (R), V.",79.0,275,1.0,242,"Powers (R), V.",K,92.0,1.0,20,30.0,15.0,0,15.0,PHI,5,0.385,4401.0
179,8,1.0,30.0,20.0,45.2,65.0,13.0,15.0,60.0,16.0,90.0,81.0,6,65.0,"Prohaska (R), H.",76.0,294,1.0,315,"Prohaska (R), H.",K,72.0,1.0,20,30.0,15.0,0,15.0,NO,7,0.5379999999999999,3255.0
180,9,1.0,30.0,20.0,46.9,65.0,13.0,15.0,60.0,14.0,93.0,88.0,9,71.0,"Fulture, K.",79.0,408,1.0,321,"Fulture, K.",K,85.0,1.0,20,30.0,15.0,0,15.0,CHI,4,0.308,3990.0
181,10,1.0,30.0,20.0,50.0,70.0,13.0,15.0,50.0,11.0,90.0,100.0,5,78.0,"Crisco, A.",80.0,260,1.0,350,"Crisco, A.",K,83.0,1.0,20,30.0,25.0,0,15.0,AUS,8,0.615,4148.0
182,1,1.0,30.0,20.0,47.5,65.0,11.0,15.0,60.0,11.0,94.0,82.0,4,67.0,"Fulture, K.",77.0,290,1.0,354,"Fulture, K.",K,73.0,1.0,21,30.0,15.0,0,15.0,BAL,9,0.6920000000000001,3470.0
183,2,1.0,30.0,20.0,47.2,65.0,13.0,15.0,60.0,7.0,92.0,90.0,6,71.0,"Smalls (R), D.",79.0,308,1.0,315,"Smalls (R), D.",K,78.0,1.0,21,30.0,15.0,0,15.0,YKW,7,0.5379999999999999,3682.0
184,3,1.0,30.0,20.0,44.5,65.0,13.0,15.0,60.0,15.0,97.0,80.0,5,64.0,"Banana (R), S.",78.0,299,1.0,323,"Banana (R), S.",K,82.0,1.0,21,30.0,15.0,0,15.0,COL,8,0.615,3652.0
185,4,1.0,30.0,20.0,45.6,65.0,13.0,15.0,50.0,15.0,80.0,88.0,10,71.0,"Jay-Jaymison (R), J.",72.0,379,1.0,253,"Jay-Jaymison (R), J.",P,89.0,1.0,21,30.0,25.0,0,15.0,AZ,3,0.231,4056.0
186,5,1.0,30.0,20.0,48.2,90.0,13.0,15.0,72.0,15.0,100.0,90.0,3,74.0,"Dasistwirklichseinnachname, A.",89.0,230,1.0,360,"Dasistwirklichseinnachname, A.",K,74.0,1.0,21,30.0,19.0,0,15.0,OCO,10,0.769,3568.0
187,6,1.0,35.0,20.0,43.7,65.0,13.0,15.0,60.0,11.0,79.0,75.0,9,62.0,"Bobby, K.",71.0,289,1.0,221,"Bobby, K.",K,78.0,1.0,21,40.0,20.0,0,15.0,SJS,4,0.308,3405.0
188,7,1.0,30.0,20.0,46.6,78.0,13.0,15.0,60.0,21.0,100.0,90.0,10,73.0,"Powers, V.",84.0,356,1.0,248,"Powers, V.",K,93.0,1.0,21,30.0,15.0,0,15.0,PHI,3,0.231,4335.0
189,8,1.0,30.0,20.0,46.4,65.0,13.0,15.0,60.0,10.0,90.0,84.0,4,71.0,"Prohaska, H.",76.0,260,1.0,374,"Prohaska, H.",K,71.0,1.0,21,30.0,15.0,0,15.0,NO,9,0.6920000000000001,3291.0
190,9,1.0,30.0,20.0,46.5,65.0,13.0,15.0,60.0,13.0,82.0,84.0,8,66.0,"Espinosa, D.",73.0,357,1.0,336,"Espinosa, D.",K,73.0,1.0,21,30.0,15.0,0,15.0,CHI,5,0.385,3398.0
191,10,1.0,30.0,20.0,47.9,65.0,13.0,15.0,50.0,14.0,90.0,99.0,6,75.0,"Crisco, A.",79.0,334,1.0,318,"Crisco, A.",K,75.0,1.0,21,30.0,25.0,0,15.0,AUS,7,0.5379999999999999,3590.0
192,1,1.0,35.0,20.0,48.0,65.0,13.0,15.0,55.0,17.0,91.0,90.0,10,72.0,"Brand, F.",79.0,283,1.0,195,"Brand, F.",K,82.0,1.0,22,40.0,20.0,0,15.0,BAL,3,0.231,3939.0
193,2,1.0,30.0,20.0,46.3,71.0,13.0,15.0,60.0,16.0,100.0,90.0,2,71.0,"Smalls, D.",83.0,196,1.0,406,"Smalls, D.",K,73.0,1.0,22,30.0,15.0,0,15.0,YKW,11,0.846,3383.0
194,3,1.0,30.0,20.0,45.5,65.0,13.0,15.0,60.0,13.0,100.0,86.0,5,69.0,"Banana, S.",81.0,208,1.0,295,"Banana, S.",K,88.0,1.0,22,30.0,15.0,0,15.0,COL,8,0.615,4006.0
195,4,1.0,30.0,20.0,47.4,65.0,13.0,15.0,50.0,6.0,83.0,90.0,8,72.0,"Jay-Jaymison, J.",74.0,306,1.0,246,"Jay-Jaymison, J.",P,90.0,1.0,22,30.0,25.0,1,15.0,AZ,4,0.34600000000000003,4263.0
196,5,1.0,30.0,20.0,47.3,93.0,13.0,15.0,60.0,5.0,100.0,90.0,3,75.0,"Dasistwirklichseinnachname, A.",86.0,234,1.0,341,"Dasistwirklichseinnachname, A.",K,68.0,1.0,22,30.0,16.0,0,15.0,OCO,10,0.769,3216.0
197,6,1.0,30.0,20.0,46.7,65.0,13.0,15.0,53.0,14.0,90.0,93.0,5,75.0,"McDairmid (R), M.",78.0,251,1.0,288,"McDairmid (R), M.",K,72.0,1.0,22,30.0,25.0,0,15.0,SJS,8,0.615,3362.0
198,7,1.0,30.0,20.0,47.3,65.0,13.0,15.0,60.0,19.0,85.0,85.0,7,70.0,"Louis (R), L.",75.0,263,1.0,252,"Louis (R), L.",K,102.0,1.0,22,30.0,15.0,0,15.0,PHI,6,0.462,4826.0
199,8,1.0,30.0,20.0,46.8,65.0,13.0,15.0,60.0,10.0,90.0,87.0,5,71.0,"Prohaska, H.",77.0,257,1.0,269,"Prohaska, H.",K,81.0,1.0,22,30.0,15.0,0,15.0,NO,8,0.615,3791.0
200,9,1.0,30.0,20.0,43.7,65.0,13.0,15.0,60.0,12.0,91.0,84.0,12,65.0,"Sidekick (R), S.",77.0,389,1.0,111,"Sidekick (R), S.",K,91.0,1.0,22,30.0,15.0,0,15.0,CHI,1,0.077,3979.0
201,10,1.0,30.0,20.0,49.2,65.0,13.0,15.0,50.0,12.0,90.0,97.0,4,75.0,"Crisco, A.",78.0,251,1.0,368,"Crisco, A.",K,76.0,1.0,22,30.0,25.0,1,15.0,AUS,8,0.654,3737.0
202,11,1.0,30.0,20.0,45.2,65.0,13.0,15.0,60.0,18.0,82.0,84.0,7,66.0,"Espinosa, D.",73.0,266,1.0,219,"Espinosa, D.",K,83.0,1.0,22,30.0,15.0,0,15.0,SAR,6,0.462,3753.0
203,12,1.0,30.0,20.0,48.2,93.0,13.0,15.0,60.0,17.0,100.0,90.0,9,75.0,"Powers, V.",86.0,280,1.0,194,"Powers, V.",K,83.0,1.0,22,30.0,15.0,0,15.0,HON,4,0.308,4003.0
